timestamp          , demand_mw, temperature, humidity
2026-03-01 00:00:00,   3773.97,       20.69,    80.19
2026-03-01 01:00:00,   3946.09,       19.8 ,    69.94
2026-03-01 02:00:00,   3920.09,       20.88,    76.96
2026-03-01 03:00:00,   3842.81,       22.33,    66.32
2026-03-01 04:00:00,   3810.29,       20.85,    85.58
2026-03-01 05:00:00,   3788.64,       21.68,    72.56
2026-03-01 06:00:00,   4960.25,       24.82,    81.44
2026-03-01 07:00:00,   5052.3 ,       24.88,    79.83
2026-03-01 08:00:00,   5074.44,       24.43,    71.01
2026-03-01 09:00:00,   5320.76,       26.61,    67.88
2026-03-01 10:00:00,   5157.21,       26.23,    75.64
2026-03-01 11:00:00,   4966.8 ,       26.87,    69.1
2026-03-01 12:00:00,   4907.43,       28.12,    72.71
2026-03-01 13:00:00,   4677.55,       25.67,    71.99
2026-03-01 14:00:00,   4765.13,       25.76,    65.41
2026-03-01 15:00:00,   4964.35,       26.75,    62.27
2026-03-01 16:00:00,   5102.13,       25.58,    75.62
2026-03-01 17:00:00,   5469.83,       26.34,    70.99
2026-03-01 18:00:00,   5790.01,       23.91,    73.22
2026-03-01 19:00:00,   5541.78,       22.27,    80.94
2026-03-01 20:00:00,   5365.82,       24.69,    81.15
2026-03-01 21:00:00,   5148.76,       21.69,    76.62
2026-03-01 22:00:00,   5140.99,       21.21,    76.7
2026-03-01 23:00:00,   4857.37,       18.79,    83.09
2026-03-02 00:00:00,   4214.01,       19.59,    73.08
2026-03-02 01:00:00,   4205.46,       20.24,    80.4
2026-03-02 02:00:00,   3999.61,       18.86,    83.28
2026-03-02 03:00:00,   3984.01,       21.1 ,    81.92
2026-03-02 04:00:00,   4268.01,       20.56,    69.31
2026-03-02 05:00:00,   4323.54,       21.76,    74.11
2026-03-02 06:00:00,   5095.42,       22.35,    72.99
2026-03-02 07:00:00,   5139.08,       26.33,    74.3
2026-03-02 08:00:00,   5572.5 ,       25.13,    77.29
2026-03-02 09:00:00,   5743.73,       24.84,    82.63
2026-03-02 10:00:00,   5555.68,       27.92,    69.89
2026-03-02 11:00:00,   5256.25,       26.11,    71.52
2026-03-02 12:00:00,   5230.04,       28.22,    77.85
2026-03-02 13:00:00,   4959.29,       25.76,    75.8
2026-03-02 14:00:00,   5290.03,       26.38,    80.1
2026-03-02 15:00:00,   5316.29,       27.81,    73.92
2026-03-02 16:00:00,   5306.58,       27.82,    66.67
2026-03-02 17:00:00,   5710.15,       26.31,    67.15
2026-03-02 18:00:00,   5978.01,       25.01,    67.24
2026-03-02 19:00:00,   5949.02,       23.75,    79.44
2026-03-02 20:00:00,   5889.22,       21.3 ,    84.27
2026-03-02 21:00:00,   5598.73,       21.24,    87.63
2026-03-02 22:00:00,   5583.72,       20.73,    83.06
2026-03-02 23:00:00,   5215.83,       21.91,    83.59
2026-03-03 00:00:00,   3937.07,       20.8 ,    75.88
2026-03-03 01:00:00,   4151.78,       18.14,    75.39
2026-03-03 02:00:00,   4316.52,       20.78,    83.05
2026-03-03 03:00:00,   4162.15,       20.33,    81.29
2026-03-03 04:00:00,   4447.84,       20.61,    79.48
2026-03-03 05:00:00,   4365.55,       22.99,    78.75
2026-03-03 06:00:00,   5193.96,       24.46,    77.1
2026-03-03 07:00:00,   5329.32,       25.37,    81.08
2026-03-03 08:00:00,   5514.53,       24.28,    82.12
2026-03-03 09:00:00,   5566.27,       25.88,    76.92
2026-03-03 10:00:00,   5492.84,       27.48,    77.0
2026-03-03 11:00:00,   5535.29,       28.89,    74.07
2026-03-03 12:00:00,   5092.43,       27.54,    70.4
2026-03-03 13:00:00,   5004.85,       28.03,    76.05
2026-03-03 14:00:00,   5035.07,       26.79,    66.41
2026-03-03 15:00:00,   5558.73,       26.28,    79.11
2026-03-03 16:00:00,   5596.29,       28.06,    66.27
2026-03-03 17:00:00,   5789.55,       27.88,    73.83
2026-03-03 18:00:00,   5802.3 ,       25.2 ,    70.59
2026-03-03 19:00:00,   6070.57,       25.46,    77.35
2026-03-03 20:00:00,   5915.13,       23.65,    76.04
2026-03-03 21:00:00,   5778.14,       21.48,    70.19
2026-03-03 22:00:00,   5405.33,       21.86,    79.93
2026-03-03 23:00:00,   5319.66,       22.64,    74.24
2026-03-04 00:00:00,   4151.86,       20.5 ,    83.46
2026-03-04 01:00:00,   4111.33,       22.28,    77.45
2026-03-04 02:00:00,   4293.75,       17.4 ,    83.82
2026-03-04 03:00:00,   4030.93,       21.93,    72.98
2026-03-04 04:00:00,   4313.93,       21.68,    75.04
2026-03-04 05:00:00,   4403.09,       22.04,    75.37
2026-03-04 06:00:00,   5054.62,       23.48,    80.65
2026-03-04 07:00:00,   5253.16,       22.02,    86.07
2026-03-04 08:00:00,   5502.83,       25.18,    70.82
2026-03-04 09:00:00,   5638.6 ,       26.83,    78.74
2026-03-04 10:00:00,   5638.31,       29.01,    60.55
2026-03-04 11:00:00,   5423.64,       27.25,    67.01
2026-03-04 12:00:00,   5423.16,       27.3 ,    68.14
2026-03-04 13:00:00,   5075.96,       27.8 ,    65.72
2026-03-04 14:00:00,   5134.81,       29.37,    63.15
2026-03-04 15:00:00,   5450.71,       28.26,    74.13
2026-03-04 16:00:00,   5734.42,       26.6 ,    72.49
2026-03-04 17:00:00,   5807.02,       27.02,    75.08
2026-03-04 18:00:00,   5805.55,       25.56,    77.95
2026-03-04 19:00:00,   5987.78,       25.57,    75.82
2026-03-04 20:00:00,   5801.77,       22.53,    80.52
2026-03-04 21:00:00,   5836.46,       22.01,    77.34
2026-03-04 22:00:00,   5367.24,       21.1 ,    72.57
2026-03-04 23:00:00,   5271.29,       19.18,    85.52
2026-03-05 00:00:00,   4089.17,       21.04,    75.61
2026-03-05 01:00:00,   4225.39,       20.87,    74.04
2026-03-05 02:00:00,   4168.66,       20.69,    77.99
2026-03-05 03:00:00,   4243.63,       20.81,    74.21
2026-03-05 04:00:00,   4255.81,       20.03,    77.39
2026-03-05 05:00:00,   4209.52,       22.05,    79.38
2026-03-05 06:00:00,   5242.37,       23.11,    78.45
2026-03-05 07:00:00,   5352.71,       23.59,    71.78
2026-03-05 08:00:00,   5417.94,       25.39,    72.21
2026-03-05 09:00:00,   5880.63,       27.04,    78.54
2026-03-05 10:00:00,   5797.43,       29.64,    73.3
2026-03-05 11:00:00,   5387.3 ,       28.23,    82.47
2026-03-05 12:00:00,   5475.4 ,       28.73,    77.55
2026-03-05 13:00:00,   5420.43,       28.46,    77.6
2026-03-05 14:00:00,   5166.25,       26.11,    67.06
2026-03-05 15:00:00,   5368.78,       27.98,    76.13
2026-03-05 16:00:00,   5420.82,       27.45,    72.53
2026-03-05 17:00:00,   5930.18,       29.51,    68.19
2026-03-05 18:00:00,   5919.15,       25.36,    75.52
2026-03-05 19:00:00,   6031.79,       24.91,    79.8
2026-03-05 20:00:00,   5982.89,       23.48,    78.88
2026-03-05 21:00:00,   5833.46,       21.15,    74.07
2026-03-05 22:00:00,   5564.88,       23.1 ,    80.43
2026-03-05 23:00:00,   5168.98,       21.99,    74.52
2026-03-06 00:00:00,   4104.12,       21.79,    78.97
2026-03-06 01:00:00,   4151.65,       19.61,    78.33
2026-03-06 02:00:00,   4185.8 ,       22.52,    76.14
2026-03-06 03:00:00,   4355.56,       19.56,    83.73
2026-03-06 04:00:00,   4120.62,       22.58,    71.98
2026-03-06 05:00:00,   4292.07,       25.33,    84.43
2026-03-06 06:00:00,   5288.55,       22.48,    68.16
2026-03-06 07:00:00,   5329.63,       24.02,    72.89
2026-03-06 08:00:00,   5598.86,       25.86,    76.08
2026-03-06 09:00:00,   5602.03,       26.1 ,    76.93
2026-03-06 10:00:00,   5580.81,       25.67,    73.9
2026-03-06 11:00:00,   5387.99,       28.25,    71.79
2026-03-06 12:00:00,   5305.66,       27.29,    74.99
2026-03-06 13:00:00,   5117.91,       29.27,    70.0
2026-03-06 14:00:00,   5147.15,       27.46,    79.75
2026-03-06 15:00:00,   5612.83,       30.03,    74.67
2026-03-06 16:00:00,   5610.48,       26.59,    77.93
2026-03-06 17:00:00,   5953.06,       26.32,    68.99
2026-03-06 18:00:00,   5903.17,       26.71,    73.06
2026-03-06 19:00:00,   6194.2 ,       23.22,    75.1
2026-03-06 20:00:00,   5870.92,       23.94,    70.93
2026-03-06 21:00:00,   5932.77,       24.27,    77.46
2026-03-06 22:00:00,   5641.51,       19.94,    76.86
2026-03-06 23:00:00,   5211.7 ,       21.46,    81.46
2026-03-07 00:00:00,   3910.71,       21.3 ,    72.98
2026-03-07 01:00:00,   3868.21,       21.79,    86.48
2026-03-07 02:00:00,   3951.88,       19.5 ,    75.46
2026-03-07 03:00:00,   3859.81,       19.8 ,    80.77
2026-03-07 04:00:00,   3880.44,       22.65,    81.07
2026-03-07 05:00:00,   4156.39,       23.21,    73.76
2026-03-07 06:00:00,   4819.48,       24.12,    80.06
2026-03-07 07:00:00,   5121.92,       25.27,    68.61
2026-03-07 08:00:00,   5173.7 ,       25.07,    82.2
2026-03-07 09:00:00,   5475.91,       27.13,    73.15
2026-03-07 10:00:00,   5129.58,       28.03,    69.29
2026-03-07 11:00:00,   4969.06,       27.46,    71.29
2026-03-07 12:00:00,   5420.24,       30.95,    73.69
2026-03-07 13:00:00,   4925.1 ,       29.42,    68.1
2026-03-07 14:00:00,   5040.01,       27.29,    69.2
2026-03-07 15:00:00,   5230.76,       29.1 ,    70.2
2026-03-07 16:00:00,   5185.01,       26.51,    67.76
2026-03-07 17:00:00,   5213.44,       27.8 ,    81.59
2026-03-07 18:00:00,   5604.9 ,       27.28,    70.12
2026-03-07 19:00:00,   5685.99,       23.87,    80.18
2026-03-07 20:00:00,   5747.2 ,       24.97,    76.07
2026-03-07 21:00:00,   5621.08,       23.35,    71.56
2026-03-07 22:00:00,   5118.34,       23.01,    76.76
2026-03-07 23:00:00,   5074.59,       23.66,    80.12
2026-03-08 00:00:00,   3972.93,       20.84,    77.8
2026-03-08 01:00:00,   4010.38,       20.1 ,    85.38
2026-03-08 02:00:00,   3943.86,       20.07,    84.54
2026-03-08 03:00:00,   3660.72,       20.56,    83.59
2026-03-08 04:00:00,   3905.87,       22.08,    75.33
2026-03-08 05:00:00,   3860.63,       23.41,    71.03
2026-03-08 06:00:00,   4814.23,       24.3 ,    72.56
2026-03-08 07:00:00,   5147.56,       26.0 ,    75.09
2026-03-08 08:00:00,   5244.57,       26.05,    76.78
2026-03-08 09:00:00,   5510.53,       28.75,    60.77
2026-03-08 10:00:00,   5255.36,       27.51,    72.7
2026-03-08 11:00:00,   5341.89,       31.73,    69.73
2026-03-08 12:00:00,   4781.52,       29.62,    69.46
2026-03-08 13:00:00,   4833.1 ,       27.97,    78.78
2026-03-08 14:00:00,   4829.42,       27.58,    74.79
2026-03-08 15:00:00,   5006.75,       29.05,    77.91
2026-03-08 16:00:00,   5006.71,       27.56,    71.61
2026-03-08 17:00:00,   5350.08,       27.86,    77.11
2026-03-08 18:00:00,   5591.1 ,       26.61,    81.73
2026-03-08 19:00:00,   5760.91,       24.92,    81.63
2026-03-08 20:00:00,   5636.99,       22.95,    71.38
2026-03-08 21:00:00,   5630.65,       21.18,    77.17
2026-03-08 22:00:00,   5083.49,       21.64,    76.3
2026-03-08 23:00:00,   5091.39,       22.57,    79.64
2026-03-09 00:00:00,   4244.05,       21.55,    81.54
2026-03-09 01:00:00,   4322.22,       19.66,    75.61
2026-03-09 02:00:00,   4188.93,       21.5 ,    78.49
2026-03-09 03:00:00,   4379.71,       22.15,    67.46
2026-03-09 04:00:00,   4317.24,       21.27,    85.57
2026-03-09 05:00:00,   4275.07,       23.34,    73.93
2026-03-09 06:00:00,   5194.39,       24.19,    76.01
2026-03-09 07:00:00,   5358.51,       23.78,    74.55
2026-03-09 08:00:00,   5623.95,       26.62,    79.27
2026-03-09 09:00:00,   5498.84,       27.83,    58.27
2026-03-09 10:00:00,   5721.98,       29.28,    71.06
2026-03-09 11:00:00,   5680.63,       29.88,    70.08
2026-03-09 12:00:00,   5251.22,       27.36,    70.6
2026-03-09 13:00:00,   5337.61,       28.03,    80.91
2026-03-09 14:00:00,   5501.57,       29.64,    66.39
2026-03-09 15:00:00,   5503.05,       29.23,    75.05
2026-03-09 16:00:00,   5666.15,       28.6 ,    73.54
2026-03-09 17:00:00,   6284.3 ,       31.78,    75.21
2026-03-09 18:00:00,   6020.13,       26.87,    69.98
2026-03-09 19:00:00,   5819.22,       26.52,    69.97
2026-03-09 20:00:00,   5935.46,       25.26,    80.24
2026-03-09 21:00:00,   5616.84,       23.94,    78.08
2026-03-09 22:00:00,   5718.45,       21.95,    70.02
2026-03-09 23:00:00,   5335.66,       22.6 ,    74.46
2026-03-10 00:00:00,   4222.55,       20.51,    80.97
2026-03-10 01:00:00,   4353.85,       21.02,    82.77
2026-03-10 02:00:00,   4299.37,       20.86,    75.33
2026-03-10 03:00:00,   4123.05,       21.94,    63.18
2026-03-10 04:00:00,   4280.68,       25.26,    77.39
2026-03-10 05:00:00,   4323.76,       21.07,    72.44
2026-03-10 06:00:00,   4993.86,       25.09,    64.83
2026-03-10 07:00:00,   5311.79,       23.37,    62.3
2026-03-10 08:00:00,   5550.6 ,       25.77,    78.37
2026-03-10 09:00:00,   5707.52,       28.61,    72.39
2026-03-10 10:00:00,   5426.53,       28.21,    70.98
2026-03-10 11:00:00,   5552.84,       27.48,    79.72
2026-03-10 12:00:00,   5279.73,       28.31,    75.21
2026-03-10 13:00:00,   5439.0 ,       30.12,    78.47
2026-03-10 14:00:00,   5303.02,       28.29,    65.07
2026-03-10 15:00:00,   5392.16,       29.03,    71.2
2026-03-10 16:00:00,   5652.9 ,       28.19,    64.05
2026-03-10 17:00:00,   5758.87,       26.52,    72.48
2026-03-10 18:00:00,   5981.19,       28.91,    70.23
2026-03-10 19:00:00,   6114.49,       26.07,    77.17
2026-03-10 20:00:00,   6158.02,       21.84,    78.07
2026-03-10 21:00:00,   5889.32,       23.53,    79.44
2026-03-10 22:00:00,   5683.18,       21.68,    81.5
2026-03-10 23:00:00,   5287.86,       22.86,    87.7
2026-03-11 00:00:00,   4061.48,       20.64,    77.34
2026-03-11 01:00:00,   4432.5 ,       21.32,    73.61
2026-03-11 02:00:00,   4502.68,       22.2 ,    78.75
2026-03-11 03:00:00,   4451.07,       23.03,    72.76
2026-03-11 04:00:00,   4256.34,       21.19,    85.84
2026-03-11 05:00:00,   4232.87,       23.06,    75.33
2026-03-11 06:00:00,   5082.77,       23.85,    73.2
2026-03-11 07:00:00,   5200.03,       24.67,    72.94
2026-03-11 08:00:00,   5640.65,       28.61,    75.34
2026-03-11 09:00:00,   5847.92,       27.94,    71.56
2026-03-11 10:00:00,   5569.46,       26.77,    70.2
2026-03-11 11:00:00,   5701.23,       30.02,    78.81
2026-03-11 12:00:00,   5891.39,       31.87,    64.54
2026-03-11 13:00:00,   5462.55,       30.7 ,    70.05
2026-03-11 14:00:00,   5471.47,       27.5 ,    76.01
2026-03-11 15:00:00,   5650.62,       28.34,    63.84
2026-03-11 16:00:00,   5784.01,       29.81,    73.07
2026-03-11 17:00:00,   5741.06,       26.61,    68.28
2026-03-11 18:00:00,   6070.22,       27.03,    77.29
2026-03-11 19:00:00,   6011.42,       26.39,    68.94
2026-03-11 20:00:00,   5847.68,       23.31,    79.98
2026-03-11 21:00:00,   5963.54,       23.39,    81.98
2026-03-11 22:00:00,   5725.85,       18.74,    84.94
2026-03-11 23:00:00,   5376.44,       20.76,    80.07
2026-03-12 00:00:00,   4109.18,       21.44,    77.04
2026-03-12 01:00:00,   4113.66,       20.11,    76.52
2026-03-12 02:00:00,   4276.52,       23.71,    83.52
2026-03-12 03:00:00,   4213.47,       20.43,    75.61
2026-03-12 04:00:00,   4263.23,       22.25,    72.29
2026-03-12 05:00:00,   4501.58,       23.77,    79.44
2026-03-12 06:00:00,   5306.16,       26.31,    69.84
2026-03-12 07:00:00,   5574.97,       23.89,    71.25
2026-03-12 08:00:00,   6129.52,       28.04,    65.04
2026-03-12 09:00:00,   5621.57,       27.62,    70.22
2026-03-12 10:00:00,   5685.06,       27.26,    72.55
2026-03-12 11:00:00,   5678.96,       29.63,    72.05
2026-03-12 12:00:00,   6174.85,       29.71,    75.51
2026-03-12 13:00:00,   5352.26,       28.89,    74.13
2026-03-12 14:00:00,   5643.54,       29.56,    69.94
2026-03-12 15:00:00,   5516.48,       28.61,    70.76
2026-03-12 16:00:00,   5786.98,       28.58,    74.33
2026-03-12 17:00:00,   5827.76,       28.41,    78.3
2026-03-12 18:00:00,   6061.75,       28.55,    72.44
2026-03-12 19:00:00,   6169.96,       24.13,    73.44
2026-03-12 20:00:00,   6187.55,       27.14,    68.11
2026-03-12 21:00:00,   5904.82,       21.27,    71.13
2026-03-12 22:00:00,   5577.41,       22.6 ,    80.49
2026-03-12 23:00:00,   5530.58,       22.85,    79.82
2026-03-13 00:00:00,   4005.27,       22.24,    80.37
2026-03-13 01:00:00,   4098.13,       21.02,    77.94
2026-03-13 02:00:00,   4353.05,       21.65,    85.05
2026-03-13 03:00:00,   4282.74,       21.71,    75.54
2026-03-13 04:00:00,   4384.41,       22.23,    82.27
2026-03-13 05:00:00,   4394.27,       24.78,    75.0
2026-03-13 06:00:00,   5294.28,       25.16,    71.82
2026-03-13 07:00:00,   5319.46,       24.93,    78.02
2026-03-13 08:00:00,   5663.64,       27.88,    74.46
2026-03-13 09:00:00,   5805.67,       28.13,    73.96
2026-03-13 10:00:00,   5936.24,       29.57,    71.29
2026-03-13 11:00:00,   5916.92,       29.98,    70.32
2026-03-13 12:00:00,   5382.49,       28.63,    83.67
2026-03-13 13:00:00,   5366.42,       29.09,    77.24
2026-03-13 14:00:00,   5362.53,       30.52,    73.64
2026-03-13 15:00:00,   5557.27,       29.96,    71.09
2026-03-13 16:00:00,   5642.98,       28.57,    76.82
2026-03-13 17:00:00,   5951.52,       27.91,    74.98
2026-03-13 18:00:00,   5968.3 ,       28.33,    72.13
2026-03-13 19:00:00,   6163.8 ,       25.05,    73.43
2026-03-13 20:00:00,   6001.39,       25.39,    74.25
2026-03-13 21:00:00,   5803.65,       23.52,    60.48
2026-03-13 22:00:00,   5624.85,       22.67,    78.15
2026-03-13 23:00:00,   5325.95,       23.62,    73.8
2026-03-14 00:00:00,   3874.49,       23.04,    84.72
2026-03-14 01:00:00,   3721.88,       22.89,    76.99
2026-03-14 02:00:00,   3899.16,       23.62,    70.3
2026-03-14 03:00:00,   3881.11,       22.48,    77.02
2026-03-14 04:00:00,   3907.49,       23.91,    70.75
2026-03-14 05:00:00,   4094.22,       23.55,    78.68
2026-03-14 06:00:00,   4962.47,       25.27,    76.21
2026-03-14 07:00:00,   5102.71,       25.76,    79.1
2026-03-14 08:00:00,   5372.29,       27.07,    69.18
2026-03-14 09:00:00,   5472.95,       28.63,    71.9
2026-03-14 10:00:00,   5223.83,       27.76,    65.69
2026-03-14 11:00:00,   5506.49,       31.89,    72.3
2026-03-14 12:00:00,   5041.34,       28.57,    74.38
2026-03-14 13:00:00,   4984.32,       28.46,    74.36
2026-03-14 14:00:00,   5448.31,       31.17,    69.45
2026-03-14 15:00:00,   5466.18,       30.33,    72.27
2026-03-14 16:00:00,   5370.15,       29.5 ,    78.98
2026-03-14 17:00:00,   5551.55,       28.67,    70.27
2026-03-14 18:00:00,   5739.85,       26.94,    73.95
2026-03-14 19:00:00,   5854.06,       24.84,    69.71
2026-03-14 20:00:00,   5771.92,       24.97,    70.68
2026-03-14 21:00:00,   5474.9 ,       23.11,    77.19
2026-03-14 22:00:00,   5102.16,       24.26,    81.19
2026-03-14 23:00:00,   4910.68,       22.28,    76.17
2026-03-15 00:00:00,   3966.41,       21.22,    77.22
2026-03-15 01:00:00,   3975.25,       21.69,    75.95
2026-03-15 02:00:00,   3804.79,       22.7 ,    74.39
2026-03-15 03:00:00,   3951.78,       21.93,    79.24
2026-03-15 04:00:00,   4052.88,       22.26,    69.98
2026-03-15 05:00:00,   3913.78,       24.36,    81.98
2026-03-15 06:00:00,   5023.76,       25.33,    71.38
2026-03-15 07:00:00,   5037.27,       25.46,    78.19
2026-03-15 08:00:00,   5411.48,       26.54,    67.26
2026-03-15 09:00:00,   5313.79,       28.35,    75.33
2026-03-15 10:00:00,   5143.77,       27.16,    76.41
2026-03-15 11:00:00,   5047.61,       27.85,    74.36
2026-03-15 12:00:00,   5060.0 ,       29.07,    66.36
2026-03-15 13:00:00,   5039.16,       29.82,    71.91
2026-03-15 14:00:00,   5158.85,       30.31,    64.31
2026-03-15 15:00:00,   5487.97,       31.31,    68.06
2026-03-15 16:00:00,   5474.42,       29.93,    75.71
2026-03-15 17:00:00,   5482.93,       27.88,    76.39
2026-03-15 18:00:00,   5461.95,       27.08,    73.2
2026-03-15 19:00:00,   5780.63,       24.87,    70.24
2026-03-15 20:00:00,   5656.26,       25.01,    78.21
2026-03-15 21:00:00,   5683.53,       23.73,    76.24
2026-03-15 22:00:00,   5147.63,       23.63,    64.63
2026-03-15 23:00:00,   4821.28,       21.62,    81.96
2026-03-16 00:00:00,   4365.66,       22.99,    76.69
2026-03-16 01:00:00,   4333.56,       24.07,    81.85
2026-03-16 02:00:00,   4173.42,       22.23,    72.01
2026-03-16 03:00:00,   4120.65,       23.24,    60.7
2026-03-16 04:00:00,   4519.42,       24.23,    77.09
2026-03-16 05:00:00,   4579.41,       23.74,    77.59
2026-03-16 06:00:00,   4950.45,       25.46,    66.13
2026-03-16 07:00:00,   5385.38,       26.24,    68.99
2026-03-16 08:00:00,   5818.07,       27.38,    86.64
2026-03-16 09:00:00,   5636.4 ,       27.3 ,    71.4
2026-03-16 10:00:00,   5695.98,       29.08,    74.98
2026-03-16 11:00:00,   5701.01,       30.29,    66.99
2026-03-16 12:00:00,   5625.63,       31.83,    58.4
2026-03-16 13:00:00,   5426.37,       31.38,    68.41
2026-03-16 14:00:00,   5952.67,       32.67,    66.77
2026-03-16 15:00:00,   5280.09,       28.77,    69.61
2026-03-16 16:00:00,   5903.04,       30.1 ,    69.84
2026-03-16 17:00:00,   6008.6 ,       28.45,    73.22
2026-03-16 18:00:00,   6077.42,       29.89,    69.85
2026-03-16 19:00:00,   5980.5 ,       25.26,    68.45
2026-03-16 20:00:00,   6170.34,       24.18,    78.17
2026-03-16 21:00:00,   5912.03,       23.51,    66.6
2026-03-16 22:00:00,   5544.09,       20.85,    68.48
2026-03-16 23:00:00,   5540.34,       22.13,    81.28
2026-03-17 00:00:00,   4444.13,       21.61,    80.59
2026-03-17 01:00:00,   4332.11,       22.56,    76.91
2026-03-17 02:00:00,   4194.26,       22.93,    69.89
2026-03-17 03:00:00,   4262.46,       25.17,    71.31
2026-03-17 04:00:00,   4377.15,       24.69,    73.96
2026-03-17 05:00:00,   4394.94,       23.69,    68.2
2026-03-17 06:00:00,   5369.47,       24.27,    71.96
2026-03-17 07:00:00,   5264.65,       26.97,    76.49
2026-03-17 08:00:00,   5446.9 ,       25.83,    81.39
2026-03-17 09:00:00,   6032.51,       30.58,    67.88
2026-03-17 10:00:00,   5888.56,       30.62,    73.72
2026-03-17 11:00:00,   5546.81,       29.28,    61.58
2026-03-17 12:00:00,   5118.7 ,       28.19,    75.43
2026-03-17 13:00:00,   5716.5 ,       32.01,    64.68
2026-03-17 14:00:00,   5519.87,       30.11,    71.94
2026-03-17 15:00:00,   5894.79,       31.33,    68.06
2026-03-17 16:00:00,   5637.31,       27.3 ,    79.54
2026-03-17 17:00:00,   5840.6 ,       27.66,    68.23
2026-03-17 18:00:00,   6173.94,       27.42,    75.96
2026-03-17 19:00:00,   5941.77,       26.44,    72.31
2026-03-17 20:00:00,   6096.98,       24.81,    74.38
2026-03-17 21:00:00,   5655.4 ,       25.13,    73.97
2026-03-17 22:00:00,   5525.41,       22.27,    73.23
2026-03-17 23:00:00,   5258.4 ,       22.75,    76.96
2026-03-18 00:00:00,   4401.09,       22.82,    76.65
2026-03-18 01:00:00,   4299.89,       23.15,    77.87
2026-03-18 02:00:00,   4308.57,       23.53,    76.75
2026-03-18 03:00:00,   4187.18,       21.72,    81.94
2026-03-18 04:00:00,   4314.73,       21.87,    82.44
2026-03-18 05:00:00,   4333.87,       26.07,    68.79
2026-03-18 06:00:00,   5310.73,       25.9 ,    78.53
2026-03-18 07:00:00,   5337.2 ,       25.64,    68.49
2026-03-18 08:00:00,   5965.55,       29.43,    73.95
2026-03-18 09:00:00,   5589.13,       28.67,    74.79
2026-03-18 10:00:00,   5877.22,       30.78,    60.24
2026-03-18 11:00:00,   5927.07,       30.08,    70.89
2026-03-18 12:00:00,   5848.56,       32.87,    65.57
2026-03-18 13:00:00,   5640.65,       32.64,    64.33
2026-03-18 14:00:00,   5559.6 ,       30.1 ,    77.16
2026-03-18 15:00:00,   5747.46,       31.17,    66.18
2026-03-18 16:00:00,   5793.25,       30.14,    66.34
2026-03-18 17:00:00,   5994.25,       30.18,    70.72
2026-03-18 18:00:00,   6372.81,       26.41,    77.16
2026-03-18 19:00:00,   6076.99,       27.36,    72.17
2026-03-18 20:00:00,   5809.46,       26.77,    79.24
2026-03-18 21:00:00,   6043.09,       22.42,    79.97
2026-03-18 22:00:00,   5707.26,       22.29,    66.55
2026-03-18 23:00:00,   5319.86,       20.62,    76.29
2026-03-19 00:00:00,   4203.25,       22.5 ,    74.44
2026-03-19 01:00:00,   4396.53,       23.55,    78.7
2026-03-19 02:00:00,   4288.53,       24.63,    62.21
2026-03-19 03:00:00,   4096.84,       23.32,    89.26
2026-03-19 04:00:00,   4573.13,       25.82,    76.92
2026-03-19 05:00:00,   4381.37,       23.03,    77.51
2026-03-19 06:00:00,   5452.15,       23.61,    82.16
2026-03-19 07:00:00,   5617.51,       26.62,    85.26
2026-03-19 08:00:00,   5544.34,       28.19,    76.49
2026-03-19 09:00:00,   5919.36,       28.65,    76.46
2026-03-19 10:00:00,   5570.31,       27.04,    73.82
2026-03-19 11:00:00,   5505.79,       30.05,    69.75
2026-03-19 12:00:00,   5391.77,       28.99,    69.03
2026-03-19 13:00:00,   5716.36,       31.49,    65.03
2026-03-19 14:00:00,   5592.96,       30.99,    66.17
2026-03-19 15:00:00,   5518.95,       29.03,    64.62
2026-03-19 16:00:00,   5890.39,       28.9 ,    71.11
2026-03-19 17:00:00,   5885.17,       27.42,    64.4
2026-03-19 18:00:00,   5947.38,       27.65,    73.57
2026-03-19 19:00:00,   6199.39,       27.84,    72.27
2026-03-19 20:00:00,   6072.21,       24.47,    76.21
2026-03-19 21:00:00,   5569.23,       25.3 ,    72.12
2026-03-19 22:00:00,   5693.3 ,       23.23,    91.98
2026-03-19 23:00:00,   5466.82,       22.27,    84.25
2026-03-20 00:00:00,   4325.66,       22.85,    70.71
2026-03-20 01:00:00,   4430.74,       21.6 ,    79.22
2026-03-20 02:00:00,   4245.5 ,       22.32,    74.37
2026-03-20 03:00:00,   4376.36,       21.94,    72.68
2026-03-20 04:00:00,   4178.65,       26.37,    67.06
2026-03-20 05:00:00,   4490.33,       24.89,    77.26
2026-03-20 06:00:00,   5515.07,       24.97,    71.62
2026-03-20 07:00:00,   5352.74,       27.1 ,    77.95
2026-03-20 08:00:00,   5558.94,       27.75,    77.5
2026-03-20 09:00:00,   5709.67,       28.58,    78.65
2026-03-20 10:00:00,   5961.37,       30.41,    65.87
2026-03-20 11:00:00,   5750.75,       31.22,    71.78
2026-03-20 12:00:00,   5631.34,       30.07,    73.6
2026-03-20 13:00:00,   5617.52,       30.15,    67.99
2026-03-20 14:00:00,   5646.83,       30.38,    66.3
2026-03-20 15:00:00,   5228.44,       27.55,    80.76
2026-03-20 16:00:00,   5772.37,       27.86,    73.57
2026-03-20 17:00:00,   6291.14,       30.49,    73.24
2026-03-20 18:00:00,   6378.74,       29.85,    66.52
2026-03-20 19:00:00,   6167.91,       26.55,    67.51
2026-03-20 20:00:00,   6082.94,       26.5 ,    70.8
2026-03-20 21:00:00,   6003.73,       25.22,    74.18
2026-03-20 22:00:00,   5880.74,       27.71,    67.24
2026-03-20 23:00:00,   5313.46,       24.72,    75.2
2026-03-21 00:00:00,   4110.7 ,       22.98,    68.37
2026-03-21 01:00:00,   3971.46,       21.85,    72.23
2026-03-21 02:00:00,   3968.7 ,       21.21,    81.77
2026-03-21 03:00:00,   3809.68,       23.78,    79.12
2026-03-21 04:00:00,   3990.59,       23.26,    74.6
2026-03-21 05:00:00,   3979.88,       23.29,    71.45
2026-03-21 06:00:00,   4883.12,       25.19,    69.69
2026-03-21 07:00:00,   4998.42,       25.7 ,    72.5
2026-03-21 08:00:00,   5501.51,       30.06,    73.67
2026-03-21 09:00:00,   5581.58,       30.06,    75.09
2026-03-21 10:00:00,   5544.46,       29.82,    68.18
2026-03-21 11:00:00,   5465.25,       32.24,    62.72
2026-03-21 12:00:00,   5171.53,       30.96,    70.98
2026-03-21 13:00:00,   5194.89,       29.97,    66.41
2026-03-21 14:00:00,   5422.62,       32.69,    65.49
2026-03-21 15:00:00,   5600.97,       31.11,    76.13
2026-03-21 16:00:00,   5408.1 ,       28.58,    75.91
2026-03-21 17:00:00,   5703.89,       28.77,    72.4
2026-03-21 18:00:00,   5883.96,       26.98,    66.85
2026-03-21 19:00:00,   5744.08,       25.34,    75.75
2026-03-21 20:00:00,   5645.66,       27.08,    78.44
2026-03-21 21:00:00,   5642.52,       27.29,    71.06
2026-03-21 22:00:00,   5369.14,       22.49,    84.01
2026-03-21 23:00:00,   5063.43,       24.21,    82.17
2026-03-22 00:00:00,   4156.43,       22.51,    85.56
2026-03-22 01:00:00,   3964.47,       22.57,    78.71
2026-03-22 02:00:00,   3996.32,       22.58,    80.11
2026-03-22 03:00:00,   4004.73,       22.65,    84.18
2026-03-22 04:00:00,   3920.74,       24.38,    77.79
2026-03-22 05:00:00,   4116.99,       24.16,    73.25
2026-03-22 06:00:00,   5114.52,       26.44,    71.46
2026-03-22 07:00:00,   5191.72,       27.09,    74.31
2026-03-22 08:00:00,   5320.05,       27.9 ,    65.93
2026-03-22 09:00:00,   5379.98,       28.07,    71.52
2026-03-22 10:00:00,   5517.37,       29.29,    76.62
2026-03-22 11:00:00,   5671.37,       31.53,    58.17
2026-03-22 12:00:00,   5505.8 ,       31.62,    76.71
2026-03-22 13:00:00,   5121.61,       29.98,    76.13
2026-03-22 14:00:00,   5378.97,       31.14,    67.18
2026-03-22 15:00:00,   5586.93,       31.52,    71.85
2026-03-22 16:00:00,   5198.29,       27.98,    72.33
2026-03-22 17:00:00,   5783.64,       29.81,    76.82
2026-03-22 18:00:00,   5463.45,       27.4 ,    77.76
2026-03-22 19:00:00,   5847.28,       27.84,    65.44
2026-03-22 20:00:00,   5801.96,       25.2 ,    77.75
2026-03-22 21:00:00,   5635.75,       22.99,    75.78
2026-03-22 22:00:00,   5268.72,       22.37,    77.78
2026-03-22 23:00:00,   5131.12,       23.75,    72.49
2026-03-23 00:00:00,   4518.5 ,       23.76,    84.86
2026-03-23 01:00:00,   4517.76,       22.22,    82.7
2026-03-23 02:00:00,   4347.06,       24.21,    72.01
2026-03-23 03:00:00,   4377.08,       21.85,    71.16
2026-03-23 04:00:00,   4524.37,       24.4 ,    73.61
2026-03-23 05:00:00,   4285.76,       23.86,    78.2
2026-03-23 06:00:00,   5266.31,       25.49,    75.76
2026-03-23 07:00:00,   5656.77,       27.37,    79.14
2026-03-23 08:00:00,   5791.52,       27.31,    76.87
2026-03-23 09:00:00,   5895.77,       28.85,    76.38
2026-03-23 10:00:00,   5901.68,       31.35,    70.92
2026-03-23 11:00:00,   5760.32,       30.08,    63.48
2026-03-23 12:00:00,   5786.87,       32.18,    67.56
2026-03-23 13:00:00,   5556.01,       29.95,    75.84
2026-03-23 14:00:00,   5681.63,       31.81,    68.61
2026-03-23 15:00:00,   5882.39,       32.5 ,    70.76
2026-03-23 16:00:00,   5429.54,       27.17,    71.45
2026-03-23 17:00:00,   6093.83,       28.35,    66.83
2026-03-23 18:00:00,   6157.51,       29.04,    70.75
2026-03-23 19:00:00,   6166.41,       27.07,    74.69
2026-03-23 20:00:00,   6080.63,       26.72,    70.17
2026-03-23 21:00:00,   5776.13,       24.59,    74.19
2026-03-23 22:00:00,   5523.21,       24.59,    70.68
2026-03-23 23:00:00,   5331.57,       23.66,    81.8
2026-03-24 00:00:00,   4930.56,       25.0 ,    73.53
2026-03-24 01:00:00,   4400.32,       23.77,    83.37
2026-03-24 02:00:00,   4263.3 ,       24.01,    83.54
2026-03-24 03:00:00,   4578.16,       23.51,    75.94
2026-03-24 04:00:00,   4522.54,       24.05,    70.81
2026-03-24 05:00:00,   4571.08,       24.95,    64.62
2026-03-24 06:00:00,   5298.94,       26.9 ,    65.93
2026-03-24 07:00:00,   5686.43,       26.96,    66.37
2026-03-24 08:00:00,   5758.27,       28.85,    78.43
2026-03-24 09:00:00,   6228.74,       31.96,    69.32
2026-03-24 10:00:00,   6110.11,       31.34,    71.24
2026-03-24 11:00:00,   5913.45,       30.54,    58.91
2026-03-24 12:00:00,   6013.52,       32.77,    62.02
2026-03-24 13:00:00,   5589.98,       30.97,    74.06
2026-03-24 14:00:00,   5371.8 ,       28.88,    72.94
2026-03-24 15:00:00,   5756.31,       29.72,    70.02
2026-03-24 16:00:00,   5777.14,       28.05,    75.08
2026-03-24 17:00:00,   5990.94,       29.04,    79.54
2026-03-24 18:00:00,   5961.37,       28.52,    70.73
2026-03-24 19:00:00,   6308.05,       29.48,    71.32
2026-03-24 20:00:00,   6163.94,       26.82,    74.32
2026-03-24 21:00:00,   6129.09,       25.2 ,    86.78
2026-03-24 22:00:00,   5538.76,       25.63,    63.93
2026-03-24 23:00:00,   5409.24,       21.35,    81.7
2026-03-25 00:00:00,   4317.38,       24.04,    75.29
2026-03-25 01:00:00,   4527.29,       24.54,    78.24
2026-03-25 02:00:00,   4362.85,       21.98,    74.43
2026-03-25 03:00:00,   4267.96,       25.53,    74.28
2026-03-25 04:00:00,   4474.59,       25.2 ,    78.38
2026-03-25 05:00:00,   4433.78,       25.12,    90.46
2026-03-25 06:00:00,   5174.64,       27.34,    76.93
2026-03-25 07:00:00,   5687.14,       30.34,    65.95
2026-03-25 08:00:00,   6003.79,       28.87,    69.4
2026-03-25 09:00:00,   6042.3 ,       29.92,    68.31
2026-03-25 10:00:00,   5937.87,       29.9 ,    61.62
2026-03-25 11:00:00,   5750.63,       30.06,    68.79
2026-03-25 12:00:00,   5945.56,       32.48,    71.93
2026-03-25 13:00:00,   5642.93,       30.59,    63.6
2026-03-25 14:00:00,   5801.43,       31.57,    74.33
2026-03-25 15:00:00,   5796.51,       30.51,    72.48
2026-03-25 16:00:00,   6160.75,       31.02,    65.91
2026-03-25 17:00:00,   6166.4 ,       30.02,    69.77
2026-03-25 18:00:00,   6208.05,       29.9 ,    78.58
2026-03-25 19:00:00,   6090.54,       27.01,    76.86
2026-03-25 20:00:00,   5859.89,       26.26,    73.91
2026-03-25 21:00:00,   6163.92,       24.44,    74.31
2026-03-25 22:00:00,   5794.31,       24.26,    76.05
2026-03-25 23:00:00,   5369.08,       24.61,    72.79
2026-03-26 00:00:00,   4338.59,       24.82,    64.64
2026-03-26 01:00:00,   4296.47,       22.67,    87.31
2026-03-26 02:00:00,   4560.45,       24.95,    75.82
2026-03-26 03:00:00,   4214.76,       25.94,    76.15
2026-03-26 04:00:00,   4429.58,       25.44,    74.31
2026-03-26 05:00:00,   4480.72,       28.03,    68.6
2026-03-26 06:00:00,   5429.09,       25.81,    73.34
2026-03-26 07:00:00,   5508.8 ,       26.28,    65.85
2026-03-26 08:00:00,   5488.3 ,       26.67,    84.88
2026-03-26 09:00:00,   6172.59,       31.57,    62.92
2026-03-26 10:00:00,   5995.5 ,       31.39,    64.09
2026-03-26 11:00:00,   5931.38,       31.17,    67.24
2026-03-26 12:00:00,   6030.19,       31.97,    75.16
2026-03-26 13:00:00,   5388.61,       30.42,    70.19
2026-03-26 14:00:00,   6039.07,       34.57,    60.2
2026-03-26 15:00:00,   5830.63,       31.39,    75.52
2026-03-26 16:00:00,   5984.32,       30.73,    73.49
2026-03-26 17:00:00,   6335.74,       30.64,    72.61
2026-03-26 18:00:00,   6251.28,       29.39,    74.63
2026-03-26 19:00:00,   6227.31,       28.04,    84.23
2026-03-26 20:00:00,   6030.59,       25.79,    85.21
2026-03-26 21:00:00,   5956.6 ,       26.34,    70.36
2026-03-26 22:00:00,   5792.42,       27.2 ,    81.14
2026-03-26 23:00:00,   5389.11,       25.92,    76.08
2026-03-27 00:00:00,   4474.51,       25.98,    76.62
2026-03-27 01:00:00,   4387.52,       23.31,    68.06
2026-03-27 02:00:00,   4509.14,       22.88,    76.06
2026-03-27 03:00:00,   4369.31,       24.31,    71.55
2026-03-27 04:00:00,   4469.94,       25.17,    78.99
2026-03-27 05:00:00,   4494.11,       27.24,    78.34
2026-03-27 06:00:00,   5326.66,       24.86,    64.75
2026-03-27 07:00:00,   5772.3 ,       29.76,    70.6
2026-03-27 08:00:00,   5864.87,       28.77,    77.21
2026-03-27 09:00:00,   5802.72,       29.42,    70.09
2026-03-27 10:00:00,   6071.07,       29.54,    74.56
2026-03-27 11:00:00,   5495.22,       29.41,    72.79
2026-03-27 12:00:00,   5880.98,       32.78,    69.71
2026-03-27 13:00:00,   5785.51,       32.02,    67.33
2026-03-27 14:00:00,   5673.48,       30.24,    64.2
2026-03-27 15:00:00,   5907.84,       29.84,    65.04
2026-03-27 16:00:00,   5769.86,       30.35,    73.73
2026-03-27 17:00:00,   6348.68,       31.93,    68.86
2026-03-27 18:00:00,   5937.09,       28.65,    71.02
2026-03-27 19:00:00,   6184.47,       26.12,    71.87
2026-03-27 20:00:00,   6146.62,       26.6 ,    72.04
2026-03-27 21:00:00,   6128.24,       25.6 ,    79.69
2026-03-27 22:00:00,   5721.9 ,       21.86,    76.15
2026-03-27 23:00:00,   5610.61,       24.4 ,    68.84
2026-03-28 00:00:00,   4109.19,       23.94,    79.67
2026-03-28 01:00:00,   3987.38,       24.92,    74.05
2026-03-28 02:00:00,   3872.99,       26.44,    73.86
2026-03-28 03:00:00,   4084.86,       25.97,    82.17
2026-03-28 04:00:00,   3903.51,       24.93,    74.96
2026-03-28 05:00:00,   4312.78,       24.75,    76.67
2026-03-28 06:00:00,   5233.29,       30.13,    64.48
2026-03-28 07:00:00,   5349.77,       28.15,    71.06
2026-03-28 08:00:00,   5444.44,       29.13,    74.33
2026-03-28 09:00:00,   5719.78,       30.05,    62.68
2026-03-28 10:00:00,   5775.27,       31.15,    70.47
2026-03-28 11:00:00,   5607.34,       31.37,    69.77
2026-03-28 12:00:00,   5386.95,       31.26,    69.57
2026-03-28 13:00:00,   5431.46,       31.43,    74.4
2026-03-28 14:00:00,   5370.75,       31.91,    70.46
2026-03-28 15:00:00,   5358.66,       30.89,    77.09
2026-03-28 16:00:00,   5764.55,       30.05,    65.48
2026-03-28 17:00:00,   5948.7 ,       30.21,    70.99
2026-03-28 18:00:00,   5877.73,       28.81,    71.99
2026-03-28 19:00:00,   6265.27,       29.89,    65.26
2026-03-28 20:00:00,   5740.26,       23.87,    80.8
2026-03-28 21:00:00,   5754.44,       27.39,    84.47
2026-03-28 22:00:00,   5386.87,       26.75,    73.34
2026-03-28 23:00:00,   5020.74,       22.13,    80.11
2026-03-29 00:00:00,   4269.3 ,       23.96,    76.36
2026-03-29 01:00:00,   4166.9 ,       23.79,    72.52
2026-03-29 02:00:00,   4035.95,       22.68,    67.98
2026-03-29 03:00:00,   4147.53,       23.84,    72.52
2026-03-29 04:00:00,   4042.53,       24.07,    68.87
2026-03-29 05:00:00,   4305.85,       28.34,    80.52
2026-03-29 06:00:00,   4756.83,       28.32,    71.43
2026-03-29 07:00:00,   5285.4 ,       29.76,    68.99
2026-03-29 08:00:00,   5748.33,       30.14,    74.82
2026-03-29 09:00:00,   5525.29,       28.88,    65.9
2026-03-29 10:00:00,   5697.84,       30.43,    66.27
2026-03-29 11:00:00,   5569.23,       32.29,    68.78
2026-03-29 12:00:00,   5594.07,       30.63,    75.07
2026-03-29 13:00:00,   5735.49,       33.09,    70.23
2026-03-29 14:00:00,   5454.76,       31.81,    70.11
2026-03-29 15:00:00,   5506.35,       31.25,    69.77
2026-03-29 16:00:00,   5970.84,       31.92,    70.78
2026-03-29 17:00:00,   6174.83,       30.77,    70.82
2026-03-29 18:00:00,   5995.85,       28.84,    66.4
2026-03-29 19:00:00,   6303.28,       29.63,    71.07
2026-03-29 20:00:00,   5670.12,       25.9 ,    68.82
2026-03-29 21:00:00,   5505.8 ,       26.97,    73.63
2026-03-29 22:00:00,   5231.54,       26.12,    71.59
2026-03-29 23:00:00,   5205.13,       24.4 ,    88.24
2026-03-30 00:00:00,   4427.05,       24.92,    74.88
2026-03-30 01:00:00,   4388.22,       22.89,    69.88
2026-03-30 02:00:00,   4506.02,       25.63,    73.76
2026-03-30 03:00:00,   4566.59,       24.7 ,    77.86
2026-03-30 04:00:00,   4266.33,       24.93,    83.43
2026-03-30 05:00:00,   4452.56,       27.65,    69.67
2026-03-30 06:00:00,   5461.85,       26.51,    65.73
2026-03-30 07:00:00,   5498.72,       26.7 ,    77.56
2026-03-30 08:00:00,   5637.06,       27.56,    65.8
2026-03-30 09:00:00,   6304.15,       31.12,    67.31
2026-03-30 10:00:00,   5786.18,       29.68,    69.5
2026-03-30 11:00:00,   6253.71,       33.96,    66.59
2026-03-30 12:00:00,   5664.79,       29.75,    74.17
2026-03-30 13:00:00,   6042.22,       34.42,    63.1
2026-03-30 14:00:00,   6014.65,       32.51,    66.88
2026-03-30 15:00:00,   5903.53,       31.74,    68.87
2026-03-30 16:00:00,   6212.3 ,       30.56,    70.74
2026-03-30 17:00:00,   6292.18,       30.87,    70.21
2026-03-30 18:00:00,   6385.35,       29.38,    73.24
2026-03-30 19:00:00,   6500.95,       29.71,    74.98
2026-03-30 20:00:00,   6063.94,       27.49,    74.72
2026-03-30 21:00:00,   5716.15,       26.57,    75.86
2026-03-30 22:00:00,   5775.94,       25.12,    66.98
2026-03-30 23:00:00,   5519.23,       24.86,    75.38
2026-03-31 00:00:00,   4481.14,       25.05,    77.35
2026-03-31 01:00:00,   4387.74,       22.49,    80.9
2026-03-31 02:00:00,   4365.73,       23.06,    73.28
2026-03-31 03:00:00,   4668.19,       25.97,    70.83
2026-03-31 04:00:00,   4281.2 ,       25.92,    71.3
2026-03-31 05:00:00,   4620.74,       26.32,    76.49
2026-03-31 06:00:00,   5302.95,       27.53,    77.89
2026-03-31 07:00:00,   5638.07,       28.96,    69.4
2026-03-31 08:00:00,   5814.76,       28.93,    76.0
2026-03-31 09:00:00,   5912.99,       29.61,    71.47
2026-03-31 10:00:00,   6248.86,       31.61,    68.43
2026-03-31 11:00:00,   6090.01,       30.83,    68.69
2026-03-31 12:00:00,   6067.15,       32.9 ,    71.63
2026-03-31 13:00:00,   5660.83,       30.5 ,    71.68
2026-03-31 14:00:00,   5946.92,       33.64,    78.6
2026-03-31 15:00:00,   6142.6 ,       32.57,    63.92
2026-03-31 16:00:00,   6444.18,       31.68,    71.58
2026-03-31 17:00:00,   6372.43,       31.72,    66.31
2026-03-31 18:00:00,   6531.73,       31.58,    64.74
2026-03-31 19:00:00,   6358.1 ,       29.76,    70.66
2026-03-31 20:00:00,   6088.98,       25.3 ,    75.42
2026-03-31 21:00:00,   5641.6 ,       25.01,    89.59
2026-03-31 22:00:00,   5789.72,       24.96,    74.11
2026-03-31 23:00:00,   5417.55,       25.11,    69.25
2026-04-01 00:00:00,   4229.7 ,       25.45,    75.96
2026-04-01 01:00:00,   4513.8 ,       23.82,    65.69
2026-04-01 02:00:00,   4296.03,       25.05,    74.49
2026-04-01 03:00:00,   4395.03,       24.32,    75.69
2026-04-01 04:00:00,   4642.34,       25.13,    78.85
2026-04-01 05:00:00,   4372.05,       25.01,    79.86
2026-04-01 06:00:00,   5196.48,       26.55,    71.09
2026-04-01 07:00:00,   5604.12,       27.07,    72.38
2026-04-01 08:00:00,   5954.74,       28.56,    67.97
2026-04-01 09:00:00,   6111.06,       31.96,    63.1
2026-04-01 10:00:00,   6091.1 ,       30.38,    71.7
2026-04-01 11:00:00,   6539.58,       35.32,    59.35
2026-04-01 12:00:00,   5802.68,       33.15,    65.59
2026-04-01 13:00:00,   6042.82,       32.92,    62.9
2026-04-01 14:00:00,   5925.46,       31.53,    71.87
2026-04-01 15:00:00,   6102.74,       33.0 ,    76.81
2026-04-01 16:00:00,   6242.72,       30.83,    63.24
2026-04-01 17:00:00,   6457.33,       30.84,    60.48
2026-04-01 18:00:00,   6744.83,       32.8 ,    67.35
2026-04-01 19:00:00,   6238.13,       28.58,    71.86
2026-04-01 20:00:00,   6164.01,       29.04,    72.46
2026-04-01 21:00:00,   5975.02,       25.85,    72.0
2026-04-01 22:00:00,   5817.98,       25.82,    73.26
2026-04-01 23:00:00,   5488.61,       27.35,    74.72
2026-04-02 00:00:00,   4167.75,       24.23,    80.9
2026-04-02 01:00:00,   4584.18,       27.02,    63.41
2026-04-02 02:00:00,   4457.21,       25.83,    72.41
2026-04-02 03:00:00,   4398.63,       24.71,    76.33
2026-04-02 04:00:00,   4577.74,       26.78,    68.81
2026-04-02 05:00:00,   4734.19,       28.01,    80.94
2026-04-02 06:00:00,   5119.5 ,       28.56,    68.62
2026-04-02 07:00:00,   5632.43,       26.96,    73.03
2026-04-02 08:00:00,   5708.16,       29.01,    74.17
2026-04-02 09:00:00,   6199.25,       30.55,    67.05
2026-04-02 10:00:00,   6210.27,       31.59,    59.84
2026-04-02 11:00:00,   6283.2 ,       33.05,    65.61
2026-04-02 12:00:00,   5971.16,       32.92,    73.02
2026-04-02 13:00:00,   5530.04,       31.24,    67.7
2026-04-02 14:00:00,   5971.32,       33.17,    63.42
2026-04-02 15:00:00,   6202.8 ,       33.04,    72.39
2026-04-02 16:00:00,   6404.53,       32.35,    66.73
2026-04-02 17:00:00,   6345.14,       32.14,    66.02
2026-04-02 18:00:00,   6633.88,       30.88,    70.45
2026-04-02 19:00:00,   6321.26,       29.4 ,    74.9
2026-04-02 20:00:00,   6208.21,       27.73,    84.45
2026-04-02 21:00:00,   5926.85,       24.85,    79.27
2026-04-02 22:00:00,   5779.98,       26.53,    79.42
2026-04-02 23:00:00,   5643.05,       25.63,    71.9
2026-04-03 00:00:00,   4292.74,       25.46,    69.46
2026-04-03 01:00:00,   4358.88,       23.47,    76.69
2026-04-03 02:00:00,   4465.12,       23.84,    76.58
2026-04-03 03:00:00,   4740.91,       26.8 ,    67.99
2026-04-03 04:00:00,   4379.84,       26.12,    73.11
2026-04-03 05:00:00,   4803.03,       27.82,    74.46
2026-04-03 06:00:00,   5637.97,       28.0 ,    74.11
2026-04-03 07:00:00,   5701.14,       29.03,    73.89
2026-04-03 08:00:00,   6110.1 ,       31.16,    70.91
2026-04-03 09:00:00,   6044.34,       30.38,    67.62
2026-04-03 10:00:00,   6237.99,       31.94,    66.18
2026-04-03 11:00:00,   5908.86,       31.91,    62.79
2026-04-03 12:00:00,   5960.46,       32.34,    77.32
2026-04-03 13:00:00,   6108.92,       32.63,    68.2
2026-04-03 14:00:00,   5955.97,       33.13,    66.56
2026-04-03 15:00:00,   5994.93,       31.89,    64.16
2026-04-03 16:00:00,   6205.46,       33.33,    82.18
2026-04-03 17:00:00,   6272.89,       29.92,    65.2
2026-04-03 18:00:00,   6422.07,       29.81,    68.53
2026-04-03 19:00:00,   6303.9 ,       28.47,    73.96
2026-04-03 20:00:00,   6351.04,       29.7 ,    73.77
2026-04-03 21:00:00,   5961.45,       27.23,    77.78
2026-04-03 22:00:00,   5826.89,       27.41,    81.87
2026-04-03 23:00:00,   5541.11,       23.75,    78.66
2026-04-04 00:00:00,   4136.33,       25.6 ,    69.18
2026-04-04 01:00:00,   4124.82,       26.22,    72.62
2026-04-04 02:00:00,   4236.28,       25.38,    76.19
2026-04-04 03:00:00,   4192.51,       26.96,    83.57
2026-04-04 04:00:00,   4165.12,       25.7 ,    67.38
2026-04-04 05:00:00,   4499.69,       28.84,    77.56
2026-04-04 06:00:00,   5451.0 ,       30.87,    70.62
2026-04-04 07:00:00,   5489.52,       28.71,    75.85
2026-04-04 08:00:00,   5696.09,       29.65,    70.31
2026-04-04 09:00:00,   5866.6 ,       32.89,    63.68
2026-04-04 10:00:00,   6293.02,       33.87,    70.77
2026-04-04 11:00:00,   5761.81,       31.98,    71.99
2026-04-04 12:00:00,   5642.08,       32.51,    73.1
2026-04-04 13:00:00,   5643.65,       32.81,    67.9
2026-04-04 14:00:00,   5438.96,       31.4 ,    66.24
2026-04-04 15:00:00,   5664.35,       31.51,    61.35
2026-04-04 16:00:00,   5689.79,       30.77,    73.9
2026-04-04 17:00:00,   6075.82,       30.23,    72.42
2026-04-04 18:00:00,   6075.26,       30.14,    65.54
2026-04-04 19:00:00,   6024.04,       29.43,    68.32
2026-04-04 20:00:00,   5957.62,       29.97,    68.19
2026-04-04 21:00:00,   5687.38,       25.95,    66.73
2026-04-04 22:00:00,   5447.66,       27.5 ,    68.66
2026-04-04 23:00:00,   5249.73,       25.43,    68.95
2026-04-05 00:00:00,   3983.83,       25.38,    72.6
2026-04-05 01:00:00,   3915.45,       26.11,    70.31
2026-04-05 02:00:00,   4185.11,       24.09,    67.69
2026-04-05 03:00:00,   4298.0 ,       26.29,    83.95
2026-04-05 04:00:00,   4027.38,       26.67,    79.76
2026-04-05 05:00:00,   4416.07,       27.89,    68.5
2026-04-05 06:00:00,   5171.82,       28.61,    73.11
2026-04-05 07:00:00,   5764.48,       32.24,    70.57
2026-04-05 08:00:00,   5574.45,       29.57,    76.84
2026-04-05 09:00:00,   5662.32,       30.66,    65.81
2026-04-05 10:00:00,   5964.36,       31.38,    74.72
2026-04-05 11:00:00,   5674.4 ,       32.1 ,    65.87
2026-04-05 12:00:00,   5550.05,       32.4 ,    61.66
2026-04-05 13:00:00,   5967.3 ,       34.72,    69.87
2026-04-05 14:00:00,   5679.13,       34.87,    72.57
2026-04-05 15:00:00,   5530.96,       32.08,    81.57
2026-04-05 16:00:00,   5809.96,       31.13,    63.49
2026-04-05 17:00:00,   6163.13,       31.86,    72.32
2026-04-05 18:00:00,   6099.12,       29.67,    68.75
2026-04-05 19:00:00,   6117.74,       30.06,    74.36
2026-04-05 20:00:00,   6903.71,       28.51,    64.49
2026-04-05 21:00:00,   5636.35,       25.48,    68.25
2026-04-05 22:00:00,   5445.3 ,       28.33,    68.13
2026-04-05 23:00:00,   5116.05,       27.99,    72.7
2026-04-06 00:00:00,   4480.55,       24.85,    71.93
2026-04-06 01:00:00,   4539.97,       24.98,    78.31
2026-04-06 02:00:00,   4613.05,       25.93,    79.3
2026-04-06 03:00:00,   4299.71,       26.38,    76.75
2026-04-06 04:00:00,   4479.6 ,       27.41,    80.93
2026-04-06 05:00:00,   4860.7 ,       29.86,    72.71
2026-04-06 06:00:00,   5517.59,       28.2 ,    66.04
2026-04-06 07:00:00,   5674.11,       28.49,    78.68
2026-04-06 08:00:00,   5956.97,       28.83,    68.53
2026-04-06 09:00:00,   6079.11,       30.57,    74.54
2026-04-06 10:00:00,   6494.25,       32.24,    76.36
2026-04-06 11:00:00,   6601.51,       35.07,    68.22
2026-04-06 12:00:00,   5875.99,       32.69,    60.6
2026-04-06 13:00:00,   5956.78,       33.72,    62.56
2026-04-06 14:00:00,   5949.06,       33.29,    74.15
2026-04-06 15:00:00,   6424.98,       34.34,    65.75
2026-04-06 16:00:00,   6518.22,       35.31,    66.12
2026-04-06 17:00:00,   6320.4 ,       30.81,    73.56
2026-04-06 18:00:00,   6481.07,       29.9 ,    74.08
2026-04-06 19:00:00,   6581.74,       30.7 ,    71.26
2026-04-06 20:00:00,   6377.69,       29.23,    70.15
2026-04-06 21:00:00,   6094.02,       29.66,    69.24
2026-04-06 22:00:00,   5863.74,       27.32,    77.2
2026-04-06 23:00:00,   5496.68,       25.55,    77.27
2026-04-07 00:00:00,   4435.32,       26.44,    72.42
2026-04-07 01:00:00,   4503.29,       26.93,    78.68
2026-04-07 02:00:00,   4489.58,       26.72,    72.81
2026-04-07 03:00:00,   4489.89,       26.74,    69.17
2026-04-07 04:00:00,   4433.39,       28.05,    68.46
2026-04-07 05:00:00,   4676.5 ,       29.0 ,    66.51
2026-04-07 06:00:00,   5698.36,       30.22,    68.94
2026-04-07 07:00:00,   5743.12,       30.37,    76.33
2026-04-07 08:00:00,   6037.37,       30.43,    66.09
2026-04-07 09:00:00,   6375.52,       31.77,    69.85
2026-04-07 10:00:00,   6358.96,       33.87,    63.73
2026-04-07 11:00:00,   6271.57,       32.08,    67.33
2026-04-07 12:00:00,   6343.8 ,       33.9 ,    59.44
2026-04-07 13:00:00,   5873.94,       33.12,    66.59
2026-04-07 14:00:00,   6270.55,       33.49,    66.39
2026-04-07 15:00:00,   6365.8 ,       34.59,    69.07
2026-04-07 16:00:00,   6412.69,       32.65,    69.23
2026-04-07 17:00:00,   6410.09,       31.65,    63.02
2026-04-07 18:00:00,   6438.37,       29.0 ,    76.82
2026-04-07 19:00:00,   6621.95,       30.49,    71.11
2026-04-07 20:00:00,   6270.12,       29.34,    72.09
2026-04-07 21:00:00,   6154.12,       30.19,    70.28
2026-04-07 22:00:00,   5625.71,       26.4 ,    71.15
2026-04-07 23:00:00,   5601.41,       26.4 ,    74.83
2026-04-08 00:00:00,   4551.57,       26.18,    76.32
2026-04-08 01:00:00,   4561.48,       27.64,    63.89
2026-04-08 02:00:00,   4471.66,       25.77,    71.62
2026-04-08 03:00:00,   4356.77,       26.62,    72.27
2026-04-08 04:00:00,   4444.46,       27.65,    73.9
2026-04-08 05:00:00,   4739.39,       27.97,    78.3
2026-04-08 06:00:00,   5402.97,       28.17,    68.29
2026-04-08 07:00:00,   5886.23,       29.98,    68.03
2026-04-08 08:00:00,   6168.82,       32.07,    66.08
2026-04-08 09:00:00,   6226.8 ,       30.51,    66.03
2026-04-08 10:00:00,   6329.09,       32.73,    66.31
2026-04-08 11:00:00,   6301.56,       32.37,    72.22
2026-04-08 12:00:00,   6429.63,       35.04,    60.69
2026-04-08 13:00:00,   5827.53,       31.92,    70.91
2026-04-08 14:00:00,   6034.16,       32.94,    59.35
2026-04-08 15:00:00,   6213.47,       33.66,    64.4
2026-04-08 16:00:00,   6416.4 ,       34.45,    64.85
2026-04-08 17:00:00,   6377.0 ,       31.67,    77.38
2026-04-08 18:00:00,   6493.62,       30.11,    69.02
2026-04-08 19:00:00,   6802.03,       32.0 ,    57.69
2026-04-08 20:00:00,   6233.97,       26.97,    63.23
2026-04-08 21:00:00,   6003.26,       25.11,    75.07
2026-04-08 22:00:00,   5921.52,       27.44,    75.87
2026-04-08 23:00:00,   5595.08,       25.68,    76.27
2026-04-09 00:00:00,   4575.87,       24.8 ,    76.02
2026-04-09 01:00:00,   4279.11,       26.74,    79.24
2026-04-09 02:00:00,   4023.73,       26.32,    71.11
2026-04-09 03:00:00,   4538.27,       25.75,    78.8
2026-04-09 04:00:00,   4363.95,       25.53,    66.37
2026-04-09 05:00:00,   4696.82,       28.94,    66.93
2026-04-09 06:00:00,   5609.05,       29.64,    61.79
2026-04-09 07:00:00,   6043.53,       29.77,    69.33
2026-04-09 08:00:00,   6483.47,       33.14,    67.44
2026-04-09 09:00:00,   6226.3 ,       30.61,    70.52
2026-04-09 10:00:00,   6271.89,       30.89,    70.01
2026-04-09 11:00:00,   6247.62,       32.53,    63.59
2026-04-09 12:00:00,   6129.49,       33.7 ,    66.22
2026-04-09 13:00:00,   6296.23,       34.18,    59.25
2026-04-09 14:00:00,   5988.2 ,       33.47,    74.2
2026-04-09 15:00:00,   6341.03,       33.78,    65.58
2026-04-09 16:00:00,   6021.63,       31.22,    66.96
2026-04-09 17:00:00,   6747.99,       33.62,    75.18
2026-04-09 18:00:00,   6587.37,       30.83,    63.54
2026-04-09 19:00:00,   6880.44,       31.23,    63.76
2026-04-09 20:00:00,   6189.04,       29.27,    65.68
2026-04-09 21:00:00,   6028.71,       28.44,    71.57
2026-04-09 22:00:00,   5916.88,       27.75,    74.69
2026-04-09 23:00:00,   5636.3 ,       26.96,    76.93
2026-04-10 00:00:00,   4521.72,       26.95,    86.11
2026-04-10 01:00:00,   4385.83,       27.63,    61.38
2026-04-10 02:00:00,   4432.13,       26.41,    76.77
2026-04-10 03:00:00,   4662.23,       27.42,    70.03
2026-04-10 04:00:00,   4537.34,       27.1 ,    70.18
2026-04-10 05:00:00,   4875.26,       29.77,    67.61
2026-04-10 06:00:00,   5466.61,       28.19,    67.58
2026-04-10 07:00:00,   6010.85,       32.2 ,    76.94
2026-04-10 08:00:00,   6301.99,       31.02,    73.79
2026-04-10 09:00:00,   6241.0 ,       30.32,    70.33
2026-04-10 10:00:00,   6712.41,       33.02,    74.54
2026-04-10 11:00:00,   6109.25,       32.68,    60.52
2026-04-10 12:00:00,   6436.89,       34.91,    59.43
2026-04-10 13:00:00,   5907.41,       33.25,    56.68
2026-04-10 14:00:00,   6136.9 ,       33.37,    63.97
2026-04-10 15:00:00,   6122.79,       31.23,    70.2
2026-04-10 16:00:00,   6099.93,       32.32,    68.92
2026-04-10 17:00:00,   6168.15,       29.13,    72.03
2026-04-10 18:00:00,   6306.53,       29.17,    64.19
2026-04-10 19:00:00,   6569.8 ,       30.95,    73.66
2026-04-10 20:00:00,   6513.03,       29.95,    71.75
2026-04-10 21:00:00,   6256.95,       28.55,    75.47
2026-04-10 22:00:00,   5810.77,       26.05,    64.59
2026-04-10 23:00:00,   5629.33,       26.52,    75.19
2026-04-11 00:00:00,   4172.41,       26.32,    67.88
2026-04-11 01:00:00,   4159.39,       24.79,    73.2
2026-04-11 02:00:00,   4045.72,       28.12,    74.86
2026-04-11 03:00:00,   4304.44,       27.77,    72.96
2026-04-11 04:00:00,   4237.55,       27.09,    68.86
2026-04-11 05:00:00,   4350.15,       28.22,    72.14
2026-04-11 06:00:00,   5187.11,       29.4 ,    63.38
2026-04-11 07:00:00,   5252.46,       27.73,    78.29
2026-04-11 08:00:00,   5815.04,       30.92,    68.64
2026-04-11 09:00:00,   5780.4 ,       31.36,    74.86
2026-04-11 10:00:00,   5746.54,       31.81,    66.24
2026-04-11 11:00:00,   5892.67,       33.31,    64.9
2026-04-11 12:00:00,   6214.75,       36.2 ,    61.1
2026-04-11 13:00:00,   5848.73,       34.95,    70.42
2026-04-11 14:00:00,   5653.81,       33.36,    63.93
2026-04-11 15:00:00,   5938.45,       34.33,    69.82
2026-04-11 16:00:00,   6236.64,       34.69,    64.37
2026-04-11 17:00:00,   6308.51,       33.29,    57.66
2026-04-11 18:00:00,   6546.7 ,       31.29,    66.49
2026-04-11 19:00:00,   6253.98,       29.41,    65.14
2026-04-11 20:00:00,   6253.22,       29.99,    70.68
2026-04-11 21:00:00,   5934.15,       28.66,    65.76
2026-04-11 22:00:00,   5416.98,       28.43,    76.54
2026-04-11 23:00:00,   5116.59,       27.48,    72.31
2026-04-12 00:00:00,   4034.47,       27.72,    71.66
2026-04-12 01:00:00,   4327.92,       25.69,    77.66
2026-04-12 02:00:00,   4109.93,       28.04,    77.08
2026-04-12 03:00:00,   4029.87,       27.1 ,    73.01
2026-04-12 04:00:00,   4397.74,       29.99,    66.65
2026-04-12 05:00:00,   4256.89,       27.5 ,    63.88
2026-04-12 06:00:00,   5562.01,       31.38,    65.83
2026-04-12 07:00:00,   5654.09,       30.57,    66.91
2026-04-12 08:00:00,   5704.52,       30.58,    70.51
2026-04-12 09:00:00,   6101.24,       31.75,    67.2
2026-04-12 10:00:00,   5996.44,       32.77,    71.45
2026-04-12 11:00:00,   6073.51,       34.3 ,    63.56
2026-04-12 12:00:00,   6076.82,       34.82,    65.88
2026-04-12 13:00:00,   5701.13,       33.64,    73.14
2026-04-12 14:00:00,   5812.42,       34.16,    68.46
2026-04-12 15:00:00,   6359.18,       36.36,    64.47
2026-04-12 16:00:00,   6261.55,       35.23,    62.78
2026-04-12 17:00:00,   6260.42,       32.85,    64.77
2026-04-12 18:00:00,   6376.35,       31.41,    64.98
2026-04-12 19:00:00,   6510.3 ,       30.47,    67.37
2026-04-12 20:00:00,   6216.63,       30.03,    74.25
2026-04-12 21:00:00,   5780.61,       27.1 ,    72.0
2026-04-12 22:00:00,   5557.67,       27.19,    66.28
2026-04-12 23:00:00,   5143.1 ,       24.86,    83.97
2026-04-13 00:00:00,   4539.77,       27.09,    74.72
2026-04-13 01:00:00,   4522.81,       27.25,    65.94
2026-04-13 02:00:00,   4567.42,       26.03,    71.87
2026-04-13 03:00:00,   4660.09,       28.9 ,    72.05
2026-04-13 04:00:00,   4614.9 ,       26.17,    82.47
2026-04-13 05:00:00,   4606.75,       26.71,    67.92
2026-04-13 06:00:00,   5694.99,       29.71,    75.65
2026-04-13 07:00:00,   5974.73,       31.73,    75.94
2026-04-13 08:00:00,   6477.62,       33.53,    64.18
2026-04-13 09:00:00,   6565.27,       31.92,    67.38
2026-04-13 10:00:00,   6688.67,       34.59,    61.18
2026-04-13 11:00:00,   6398.94,       33.89,    65.98
2026-04-13 12:00:00,   6497.61,       34.13,    66.6
2026-04-13 13:00:00,   6200.52,       35.53,    68.82
2026-04-13 14:00:00,   6220.87,       35.12,    71.35
2026-04-13 15:00:00,   6334.03,       32.04,    64.92
2026-04-13 16:00:00,   6709.66,       35.07,    56.1
2026-04-13 17:00:00,   6789.2 ,       34.13,    66.68
2026-04-13 18:00:00,   6446.01,       30.76,    71.29
2026-04-13 19:00:00,   6733.06,       30.95,    70.9
2026-04-13 20:00:00,   6567.92,       30.03,    68.84
2026-04-13 21:00:00,   6045.2 ,       28.78,    72.22
2026-04-13 22:00:00,   5835.74,       26.98,    80.79
2026-04-13 23:00:00,   5590.22,       26.2 ,    75.83
2026-04-14 00:00:00,   4565.2 ,       26.72,    71.59
2026-04-14 01:00:00,   4403.14,       28.02,    69.78
2026-04-14 02:00:00,   4687.66,       27.4 ,    71.99
2026-04-14 03:00:00,   4657.12,       26.7 ,    81.65
2026-04-14 04:00:00,   4619.66,       28.71,    70.74
2026-04-14 05:00:00,   4626.75,       25.2 ,    74.73
2026-04-14 06:00:00,   5830.37,       30.96,    67.23
2026-04-14 07:00:00,   5653.05,       28.53,    77.32
2026-04-14 08:00:00,   6193.8 ,       31.21,    79.21
2026-04-14 09:00:00,   6296.47,       31.27,    71.61
2026-04-14 10:00:00,   6527.88,       31.89,    69.21
2026-04-14 11:00:00,   6713.43,       35.47,    65.76
2026-04-14 12:00:00,   6365.43,       33.92,    55.05
2026-04-14 13:00:00,   6356.54,       35.03,    69.7
2026-04-14 14:00:00,   6144.91,       34.42,    67.19
2026-04-14 15:00:00,   6444.9 ,       34.65,    68.46
2026-04-14 16:00:00,   6644.73,       33.53,    63.76
2026-04-14 17:00:00,   6309.52,       31.07,    67.61
2026-04-14 18:00:00,   6925.53,       32.84,    65.89
2026-04-14 19:00:00,   6855.63,       30.02,    75.59
2026-04-14 20:00:00,   6395.17,       27.71,    70.67
2026-04-14 21:00:00,   6272.72,       28.1 ,    82.62
2026-04-14 22:00:00,   6077.67,       29.59,    73.03
2026-04-14 23:00:00,   5775.57,       28.17,    65.77
2026-04-15 00:00:00,   4456.93,       26.47,    73.03
2026-04-15 01:00:00,   4639.06,       26.34,    70.54
2026-04-15 02:00:00,   4624.53,       26.51,    62.67
2026-04-15 03:00:00,   4804.52,       29.78,    78.69
2026-04-15 04:00:00,   4790.58,       28.38,    75.47
2026-04-15 05:00:00,   4749.14,       29.27,    73.82
2026-04-15 06:00:00,   5832.78,       30.96,    70.47
2026-04-15 07:00:00,   6068.35,       31.04,    62.65
2026-04-15 08:00:00,   6163.89,       31.48,    66.75
2026-04-15 09:00:00,   6514.63,       32.52,    72.44
2026-04-15 10:00:00,   6329.73,       33.5 ,    62.1
2026-04-15 11:00:00,   6578.49,       34.17,    54.08
2026-04-15 12:00:00,   6456.53,       35.49,    64.42
2026-04-15 13:00:00,   6232.77,       34.82,    65.46
2026-04-15 14:00:00,   6316.67,       35.5 ,    66.23
2026-04-15 15:00:00,   6366.96,       34.12,    70.43
2026-04-15 16:00:00,   6636.66,       33.68,    70.38
2026-04-15 17:00:00,   6448.79,       30.36,    71.47
2026-04-15 18:00:00,   6778.51,       32.89,    73.88
2026-04-15 19:00:00,   6621.93,       31.17,    61.85
2026-04-15 20:00:00,   6705.22,       30.92,    72.2
2026-04-15 21:00:00,   6012.98,       25.28,    77.88
2026-04-15 22:00:00,   6168.82,       30.43,    63.91
2026-04-15 23:00:00,   5662.5 ,       27.12,    65.57
2026-04-16 00:00:00,   4632.42,       28.36,    68.25
2026-04-16 01:00:00,   4655.11,       25.65,    71.11
2026-04-16 02:00:00,   4403.02,       27.77,    76.28
2026-04-16 03:00:00,   4335.03,       26.17,    70.88
2026-04-16 04:00:00,   4526.98,       27.32,    68.63
2026-04-16 05:00:00,   5269.07,       31.19,    66.37
2026-04-16 06:00:00,   5947.46,       29.63,    76.43
2026-04-16 07:00:00,   6298.96,       31.16,    69.52
2026-04-16 08:00:00,   6452.27,       32.97,    66.93
2026-04-16 09:00:00,   6398.6 ,       33.49,    66.81
2026-04-16 10:00:00,   6312.21,       33.9 ,    73.45
2026-04-16 11:00:00,   6462.48,       34.8 ,    62.44
2026-04-16 12:00:00,   6693.88,       37.64,    70.2
2026-04-16 13:00:00,   6460.97,       34.83,    67.21
2026-04-16 14:00:00,   6469.78,       35.0 ,    65.2
2026-04-16 15:00:00,   6610.71,       35.62,    77.95
2026-04-16 16:00:00,   6620.56,       35.05,    60.68
2026-04-16 17:00:00,   6751.84,       34.32,    64.84
2026-04-16 18:00:00,   6879.09,       32.7 ,    61.91
2026-04-16 19:00:00,   6618.01,       29.52,    75.69
2026-04-16 20:00:00,   6790.31,       31.82,    77.31
2026-04-16 21:00:00,   5984.08,       27.52,    81.08
2026-04-16 22:00:00,   6007.96,       28.43,    78.03
2026-04-16 23:00:00,   5707.33,       26.53,    72.64
2026-04-17 00:00:00,   4431.71,       27.09,    71.29
2026-04-17 01:00:00,   4466.56,       27.43,    64.46
2026-04-17 02:00:00,   4645.75,       27.56,    82.88
2026-04-17 03:00:00,   4553.94,       28.08,    74.58
2026-04-17 04:00:00,   5051.38,       30.14,    67.91
2026-04-17 05:00:00,   4927.95,       29.58,    77.52
2026-04-17 06:00:00,   5663.95,       29.71,    65.9
2026-04-17 07:00:00,   6210.76,       32.19,    70.56
2026-04-17 08:00:00,   6554.27,       33.5 ,    66.49
2026-04-17 09:00:00,   6302.13,       31.56,    72.29
2026-04-17 10:00:00,   6573.47,       34.58,    66.06
2026-04-17 11:00:00,   6693.99,       35.34,    58.44
2026-04-17 12:00:00,   6455.38,       34.54,    66.79
2026-04-17 13:00:00,   6609.0 ,       36.68,    69.73
2026-04-17 14:00:00,   6522.16,       34.72,    66.11
2026-04-17 15:00:00,   6410.44,       34.65,    70.19
2026-04-17 16:00:00,   6769.38,       33.65,    61.98
2026-04-17 17:00:00,   6615.58,       33.05,    67.62
2026-04-17 18:00:00,   6502.48,       30.75,    66.7
2026-04-17 19:00:00,   6305.64,       29.31,    74.86
2026-04-17 20:00:00,   6709.43,       31.91,    68.94
2026-04-17 21:00:00,   6058.46,       28.02,    75.73
2026-04-17 22:00:00,   5949.98,       27.02,    78.62
2026-04-17 23:00:00,   5694.04,       24.99,    78.47
2026-04-18 00:00:00,   4075.57,       26.54,    74.98
2026-04-18 01:00:00,   4172.08,       25.58,    69.48
2026-04-18 02:00:00,   4330.53,       29.28,    71.14
2026-04-18 03:00:00,   4128.7 ,       28.92,    68.81
2026-04-18 04:00:00,   4144.45,       27.52,    71.01
2026-04-18 05:00:00,   4709.44,       31.87,    66.94
2026-04-18 06:00:00,   5745.99,       31.31,    64.42
2026-04-18 07:00:00,   5724.43,       30.78,    60.01
2026-04-18 08:00:00,   5770.01,       29.21,    67.87
2026-04-18 09:00:00,   6391.46,       35.92,    66.14
2026-04-18 10:00:00,   6215.24,       32.33,    61.66
2026-04-18 11:00:00,   6103.13,       32.66,    68.18
2026-04-18 12:00:00,   5979.33,       36.26,    74.36
2026-04-18 13:00:00,   6280.21,       38.1 ,    68.33
2026-04-18 14:00:00,   6295.84,       36.7 ,    72.69
2026-04-18 15:00:00,   6290.98,       35.31,    67.67
2026-04-18 16:00:00,   6272.7 ,       34.71,    72.09
2026-04-18 17:00:00,   6482.76,       34.2 ,    63.1
2026-04-18 18:00:00,   6494.55,       33.12,    64.47
2026-04-18 19:00:00,   6453.03,       31.51,    55.45
2026-04-18 20:00:00,   6367.06,       30.26,    76.2
2026-04-18 21:00:00,   5814.42,       29.1 ,    79.01
2026-04-18 22:00:00,   5665.5 ,       27.44,    70.04
2026-04-18 23:00:00,   5229.51,       27.37,    71.6
2026-04-19 00:00:00,   4125.53,       25.41,    70.86
2026-04-19 01:00:00,   4325.96,       27.19,    74.94
2026-04-19 02:00:00,   4340.81,       26.26,    79.49
2026-04-19 03:00:00,   4342.14,       26.52,    64.92
2026-04-19 04:00:00,   4196.31,       28.7 ,    73.72
2026-04-19 05:00:00,   4647.04,       30.98,    68.24
2026-04-19 06:00:00,   5688.49,       31.38,    69.83
2026-04-19 07:00:00,   5551.98,       29.42,    73.31
2026-04-19 08:00:00,   5804.03,       31.16,    68.52
2026-04-19 09:00:00,   6456.78,       34.44,    65.99
2026-04-19 10:00:00,   6069.69,       32.96,    66.77
2026-04-19 11:00:00,   6391.85,       34.5 ,    71.3
2026-04-19 12:00:00,   6361.38,       35.83,    67.34
2026-04-19 13:00:00,   5971.49,       34.15,    67.87
2026-04-19 14:00:00,   6240.42,       35.3 ,    59.38
2026-04-19 15:00:00,   5973.04,       33.17,    65.75
2026-04-19 16:00:00,   6298.64,       33.42,    71.92
2026-04-19 17:00:00,   6644.81,       33.69,    67.37
2026-04-19 18:00:00,   6281.93,       30.43,    73.41
2026-04-19 19:00:00,   6457.0 ,       31.84,    77.68
2026-04-19 20:00:00,   6025.93,       30.25,    75.47
2026-04-19 21:00:00,   6010.45,       29.97,    70.99
2026-04-19 22:00:00,   5742.59,       28.75,    69.07
2026-04-19 23:00:00,   5623.07,       29.48,    58.2
2026-04-20 00:00:00,   4646.26,       27.73,    71.7
2026-04-20 01:00:00,   4521.26,       26.93,    71.63
2026-04-20 02:00:00,   4351.45,       27.73,    74.5
2026-04-20 03:00:00,   4614.86,       28.63,    70.96
2026-04-20 04:00:00,   4673.55,       28.67,    70.09
2026-04-20 05:00:00,   4845.53,       29.49,    62.06
2026-04-20 06:00:00,   5805.38,       29.57,    66.19
2026-04-20 07:00:00,   6290.71,       30.65,    72.3
2026-04-20 08:00:00,   6262.96,       30.8 ,    78.36
2026-04-20 09:00:00,   6866.98,       35.54,    65.02
2026-04-20 10:00:00,   6461.46,       32.78,    69.64
2026-04-20 11:00:00,   6498.74,       34.08,    71.59
2026-04-20 12:00:00,   6268.69,       34.45,    62.44
2026-04-20 13:00:00,   6556.47,       36.52,    66.47
2026-04-20 14:00:00,   6448.29,       34.95,    62.34
2026-04-20 15:00:00,   6736.94,       36.41,    69.06
2026-04-20 16:00:00,   6626.04,       33.46,    68.14
2026-04-20 17:00:00,   6888.4 ,       33.78,    68.59
2026-04-20 18:00:00,   6523.68,       31.48,    65.26
2026-04-20 19:00:00,   7184.26,       34.02,    70.42
2026-04-20 20:00:00,   6356.51,       28.98,    81.84
2026-04-20 21:00:00,   6228.72,       29.82,    65.63
2026-04-20 22:00:00,   5945.0 ,       29.38,    69.36
2026-04-20 23:00:00,   5799.51,       28.48,    73.03
2026-04-21 00:00:00,   4567.49,       27.49,    76.69
2026-04-21 01:00:00,   4392.85,       27.42,    70.02
2026-04-21 02:00:00,   4654.5 ,       27.77,    58.34
2026-04-21 03:00:00,   4434.18,       27.94,    79.15
2026-04-21 04:00:00,   4883.17,       29.91,    74.39
2026-04-21 05:00:00,   5248.73,       32.23,    59.78
2026-04-21 06:00:00,   5882.78,       29.87,    67.58
2026-04-21 07:00:00,   6188.99,       29.93,    78.4
2026-04-21 08:00:00,   6298.2 ,       32.51,    75.48
2026-04-21 09:00:00,   7030.78,       36.67,    69.19
2026-04-21 10:00:00,   6547.35,       33.44,    66.52
2026-04-21 11:00:00,   6896.23,       37.01,    64.61
2026-04-21 12:00:00,   6763.55,       37.45,    63.14
2026-04-21 13:00:00,   6315.7 ,       34.91,    71.72
2026-04-21 14:00:00,   6490.24,       36.12,    60.61
2026-04-21 15:00:00,   6657.17,       37.0 ,    60.17
2026-04-21 16:00:00,   6756.62,       33.95,    72.0
2026-04-21 17:00:00,   6846.52,       33.33,    67.28
2026-04-21 18:00:00,   6907.52,       31.92,    75.67
2026-04-21 19:00:00,   6640.12,       30.36,    66.82
2026-04-21 20:00:00,   6460.28,       29.76,    70.44
2026-04-21 21:00:00,   6034.51,       28.11,    67.59
2026-04-21 22:00:00,   6058.81,       28.79,    71.63
2026-04-21 23:00:00,   5574.01,       27.19,    65.64
2026-04-22 00:00:00,   4839.79,       28.13,    69.75
2026-04-22 01:00:00,   4446.21,       25.84,    67.06
2026-04-22 02:00:00,   4667.71,       28.24,    75.55
2026-04-22 03:00:00,   4953.02,       29.25,    74.76
2026-04-22 04:00:00,   4717.97,       26.49,    65.01
2026-04-22 05:00:00,   5001.1 ,       30.16,    77.03
2026-04-22 06:00:00,   5941.72,       32.15,    81.05
2026-04-22 07:00:00,   5856.8 ,       30.26,    70.5
2026-04-22 08:00:00,   6832.29,       34.75,    63.02
2026-04-22 09:00:00,   6931.04,       34.21,    80.83
2026-04-22 10:00:00,   6566.42,       33.69,    60.58
2026-04-22 11:00:00,   6487.79,       35.11,    66.0
2026-04-22 12:00:00,   6305.87,       36.24,    65.78
2026-04-22 13:00:00,   6355.34,       35.8 ,    72.0
2026-04-22 14:00:00,   6549.52,       36.22,    66.7
2026-04-22 15:00:00,   6640.34,       34.07,    64.34
2026-04-22 16:00:00,   6822.2 ,       34.74,    61.48
2026-04-22 17:00:00,   6678.13,       32.01,    66.98
2026-04-22 18:00:00,   6841.48,       32.61,    63.11
2026-04-22 19:00:00,   6647.71,       30.63,    70.18
2026-04-22 20:00:00,   6719.72,       29.79,    67.87
2026-04-22 21:00:00,   6566.61,       31.19,    61.96
2026-04-22 22:00:00,   5940.03,       30.19,    76.6
2026-04-22 23:00:00,   5743.71,       28.98,    68.93
2026-04-23 00:00:00,   4508.06,       26.67,    67.16
2026-04-23 01:00:00,   4545.98,       27.46,    71.94
2026-04-23 02:00:00,   4853.62,       29.43,    71.35
2026-04-23 03:00:00,   4676.65,       28.55,    63.07
2026-04-23 04:00:00,   5100.88,       31.8 ,    70.54
2026-04-23 05:00:00,   5164.58,       30.31,    64.98
2026-04-23 06:00:00,   5849.4 ,       31.04,    78.12
2026-04-23 07:00:00,   6400.16,       31.47,    71.8
2026-04-23 08:00:00,   6461.87,       33.04,    65.77
2026-04-23 09:00:00,   6702.88,       33.66,    63.48
2026-04-23 10:00:00,   6812.99,       35.52,    65.01
2026-04-23 11:00:00,   6809.25,       36.45,    67.76
2026-04-23 12:00:00,   6484.78,       34.76,    66.09
2026-04-23 13:00:00,   6346.62,       34.24,    65.59
2026-04-23 14:00:00,   6154.96,       33.5 ,    67.64
2026-04-23 15:00:00,   6543.59,       35.92,    62.16
2026-04-23 16:00:00,   6882.7 ,       33.35,    65.77
2026-04-23 17:00:00,   6501.16,       31.26,    58.94
2026-04-23 18:00:00,   7069.54,       33.34,    72.36
2026-04-23 19:00:00,   7038.09,       34.83,    67.64
2026-04-23 20:00:00,   6646.7 ,       30.8 ,    65.91
2026-04-23 21:00:00,   6494.17,       30.85,    79.23
2026-04-23 22:00:00,   6127.88,       29.11,    71.73
2026-04-23 23:00:00,   5420.05,       28.26,    66.89
2026-04-24 00:00:00,   4784.69,       29.21,    75.49
2026-04-24 01:00:00,   4481.94,       27.62,    74.63
2026-04-24 02:00:00,   4712.77,       28.43,    73.89
2026-04-24 03:00:00,   4615.06,       28.89,    69.37
2026-04-24 04:00:00,   4601.22,       28.34,    74.24
2026-04-24 05:00:00,   5084.3 ,       31.16,    68.15
2026-04-24 06:00:00,   5777.8 ,       30.73,    72.63
2026-04-24 07:00:00,   6079.04,       31.07,    60.02
2026-04-24 08:00:00,   6481.21,       33.65,    65.04
2026-04-24 09:00:00,   6388.73,       32.89,    76.51
2026-04-24 10:00:00,   6894.94,       34.83,    62.31
2026-04-24 11:00:00,   6523.79,       35.43,    62.6
2026-04-24 12:00:00,   6703.5 ,       37.14,    61.84
2026-04-24 13:00:00,   6668.92,       36.54,    58.54
2026-04-24 14:00:00,   6456.31,       35.81,    54.23
2026-04-24 15:00:00,   6647.89,       36.42,    63.57
2026-04-24 16:00:00,   6992.5 ,       36.47,    65.36
2026-04-24 17:00:00,   7107.7 ,       34.64,    66.06
2026-04-24 18:00:00,   6814.81,       33.02,    67.06
2026-04-24 19:00:00,   6689.05,       30.4 ,    70.36
2026-04-24 20:00:00,   6343.81,       29.66,    75.92
2026-04-24 21:00:00,   6321.51,       29.61,    69.9
2026-04-24 22:00:00,   5999.65,       28.41,    69.06
2026-04-24 23:00:00,   5655.46,       28.28,    70.64
2026-04-25 00:00:00,   4259.48,       28.3 ,    74.92
2026-04-25 01:00:00,   4197.57,       28.74,    78.7
2026-04-25 02:00:00,   4308.19,       28.15,    69.02
2026-04-25 03:00:00,   4563.58,       29.22,    71.7
2026-04-25 04:00:00,   4351.45,       29.35,    72.78
2026-04-25 05:00:00,   4321.27,       27.73,    67.58
2026-04-25 06:00:00,   5528.07,       29.94,    70.66
2026-04-25 07:00:00,   6043.38,       31.93,    61.44
2026-04-25 08:00:00,   5867.53,       31.68,    60.14
2026-04-25 09:00:00,   6477.97,       34.82,    68.0
2026-04-25 10:00:00,   6696.88,       36.77,    62.49
2026-04-25 11:00:00,   6517.64,       37.03,    65.19
2026-04-25 12:00:00,   5914.37,       35.71,    65.27
2026-04-25 13:00:00,   6458.76,       37.89,    58.52
2026-04-25 14:00:00,   6411.18,       36.14,    64.75
2026-04-25 15:00:00,   6268.35,       35.16,    59.69
2026-04-25 16:00:00,   6226.85,       34.19,    73.68
2026-04-25 17:00:00,   6461.84,       33.74,    60.36
2026-04-25 18:00:00,   6783.88,       32.67,    67.12
2026-04-25 19:00:00,   6703.46,       32.3 ,    63.21
2026-04-25 20:00:00,   6478.76,       31.26,    72.22
2026-04-25 21:00:00,   6129.6 ,       30.1 ,    68.75
2026-04-25 22:00:00,   5740.65,       29.8 ,    68.09
2026-04-25 23:00:00,   5606.07,       30.06,    74.71
2026-04-26 00:00:00,   4457.07,       29.5 ,    71.09
2026-04-26 01:00:00,   4352.5 ,       26.45,    76.28
2026-04-26 02:00:00,   4470.07,       25.3 ,    69.82
2026-04-26 03:00:00,   4659.11,       29.88,    63.58
2026-04-26 04:00:00,   4159.18,       27.76,    73.05
2026-04-26 05:00:00,   4666.07,       29.96,    68.94
2026-04-26 06:00:00,   5546.47,       29.79,    73.82
2026-04-26 07:00:00,   5756.98,       30.06,    70.04
2026-04-26 08:00:00,   6246.9 ,       33.91,    68.0
2026-04-26 09:00:00,   6894.38,       35.14,    57.76
2026-04-26 10:00:00,   6229.74,       34.36,    76.01
2026-04-26 11:00:00,   5874.82,       32.58,    67.35
2026-04-26 12:00:00,   6215.22,       35.44,    69.1
2026-04-26 13:00:00,   6517.93,       36.7 ,    60.29
2026-04-26 14:00:00,   5917.68,       34.32,    68.16
2026-04-26 15:00:00,   6320.93,       35.91,    58.67
2026-04-26 16:00:00,   6589.51,       35.04,    68.23
2026-04-26 17:00:00,   7456.54,       34.92,    64.29
2026-04-26 18:00:00,   6627.98,       33.41,    67.58
2026-04-26 19:00:00,   6521.01,       31.06,    73.04
2026-04-26 20:00:00,   6607.37,       32.63,    61.97
2026-04-26 21:00:00,   6210.75,       30.04,    67.04
2026-04-26 22:00:00,   5931.64,       29.37,    73.36
2026-04-26 23:00:00,   5427.49,       27.64,    83.11
2026-04-27 00:00:00,   4679.34,       27.96,    71.65
2026-04-27 01:00:00,   4670.51,       27.29,    75.89
2026-04-27 02:00:00,   5244.84,       28.28,    71.51
2026-04-27 03:00:00,   5016.78,       30.94,    79.36
2026-04-27 04:00:00,   4687.69,       27.88,    63.67
2026-04-27 05:00:00,   4956.1 ,       28.42,    72.4
2026-04-27 06:00:00,   6393.64,       33.08,    59.6
2026-04-27 07:00:00,   6104.46,       32.1 ,    56.08
2026-04-27 08:00:00,   6522.59,       32.58,    69.66
2026-04-27 09:00:00,   6875.77,       35.6 ,    66.16
2026-04-27 10:00:00,   6714.78,       34.45,    65.07
2026-04-27 11:00:00,   7062.46,       38.01,    62.76
2026-04-27 12:00:00,   6817.11,       37.03,    79.66
2026-04-27 13:00:00,   6497.08,       35.77,    64.02
2026-04-27 14:00:00,   6685.34,       38.81,    65.13
2026-04-27 15:00:00,   6496.7 ,       35.09,    62.67
2026-04-27 16:00:00,   7050.18,       36.07,    66.51
2026-04-27 17:00:00,   6678.05,       34.71,    65.07
2026-04-27 18:00:00,   7354.16,       34.95,    63.99
2026-04-27 19:00:00,   7253.96,       34.23,    75.79
2026-04-27 20:00:00,   6938.22,       31.36,    75.17
2026-04-27 21:00:00,   6350.91,       29.45,    71.68
2026-04-27 22:00:00,   5972.76,       30.08,    58.91
2026-04-27 23:00:00,   5809.57,       28.08,    70.43
2026-04-28 00:00:00,   5168.94,       31.03,    83.09
2026-04-28 01:00:00,   4840.81,       28.64,    70.57
2026-04-28 02:00:00,   4596.87,       28.17,    77.66
2026-04-28 03:00:00,   4823.75,       29.23,    78.4
2026-04-28 04:00:00,   4635.8 ,       28.03,    73.37
2026-04-28 05:00:00,   4829.71,       29.31,    66.91
2026-04-28 06:00:00,   6310.43,       32.88,    55.73
2026-04-28 07:00:00,   6100.28,       31.69,    72.4
2026-04-28 08:00:00,   6382.79,       32.26,    64.4
2026-04-28 09:00:00,   6776.53,       35.12,    66.77
2026-04-28 10:00:00,   6854.29,       36.73,    58.2
2026-04-28 11:00:00,   6895.38,       36.8 ,    63.05
2026-04-28 12:00:00,   6945.03,       37.54,    63.89
2026-04-28 13:00:00,   6472.7 ,       35.57,    66.83
2026-04-28 14:00:00,   6241.93,       34.63,    60.76
2026-04-28 15:00:00,   7039.78,       37.74,    69.52
2026-04-28 16:00:00,   7014.63,       34.92,    63.09
2026-04-28 17:00:00,   6873.2 ,       34.18,    58.37
2026-04-28 18:00:00,   7648.82,       35.11,    65.36
2026-04-28 19:00:00,   7131.6 ,       33.14,    67.84
2026-04-28 20:00:00,   7059.01,       31.99,    69.51
2026-04-28 21:00:00,   6755.68,       33.07,    74.54
2026-04-28 22:00:00,   5924.4 ,       28.88,    70.33
2026-04-28 23:00:00,   6087.97,       30.13,    69.79
2026-04-29 00:00:00,   4852.99,       28.8 ,    66.06
2026-04-29 01:00:00,   4772.43,       28.92,    75.57
2026-04-29 02:00:00,   4904.95,       30.57,    70.91
2026-04-29 03:00:00,   5002.03,       29.74,    68.63
2026-04-29 04:00:00,   5057.44,       30.42,    60.6
2026-04-29 05:00:00,   5152.99,       31.89,    76.03
2026-04-29 06:00:00,   5999.09,       31.13,    63.35
2026-04-29 07:00:00,   6078.36,       31.59,    66.11
2026-04-29 08:00:00,   6595.49,       32.38,    70.15
2026-04-29 09:00:00,   6539.95,       32.24,    62.5
2026-04-29 10:00:00,   7129.02,       37.89,    55.93
2026-04-29 11:00:00,   6634.3 ,       34.74,    55.62
2026-04-29 12:00:00,   6658.03,       36.2 ,    68.53
2026-04-29 13:00:00,   6694.22,       36.27,    62.13
2026-04-29 14:00:00,   6765.38,       36.83,    78.99
2026-04-29 15:00:00,   6844.32,       37.04,    59.19
2026-04-29 16:00:00,   7097.19,       36.46,    60.08
2026-04-29 17:00:00,   6973.82,       33.9 ,    64.16
2026-04-29 18:00:00,   6994.86,       33.43,    68.63
2026-04-29 19:00:00,   7038.18,       32.94,    65.51
2026-04-29 20:00:00,   6767.97,       31.26,    72.42
2026-04-29 21:00:00,   6821.22,       32.53,    63.33
2026-04-29 22:00:00,   6226.45,       30.36,    63.27
2026-04-29 23:00:00,   5960.39,       30.02,    61.49
2026-04-30 00:00:00,   5103.18,       29.65,    59.7
2026-04-30 01:00:00,   5037.35,       30.13,    67.8
2026-04-30 02:00:00,   4709.2 ,       29.07,    69.83
2026-04-30 03:00:00,   4750.1 ,       27.7 ,    69.41
2026-04-30 04:00:00,   5010.9 ,       30.37,    76.38
2026-04-30 05:00:00,   5066.53,       29.94,    76.7
2026-04-30 06:00:00,   6008.7 ,       31.05,    67.88
2026-04-30 07:00:00,   6611.18,       33.42,    58.45
2026-04-30 08:00:00,   6906.01,       35.24,    62.95
2026-04-30 09:00:00,   6872.76,       34.74,    63.23
2026-04-30 10:00:00,   7077.32,       35.92,    61.89
2026-04-30 11:00:00,   7092.81,       38.23,    59.61
2026-04-30 12:00:00,   6756.88,       36.87,    61.05
2026-04-30 13:00:00,   7061.6 ,       39.84,    59.71
2026-04-30 14:00:00,   6742.97,       37.26,    60.79
2026-04-30 15:00:00,   6515.77,       34.07,    67.88
2026-04-30 16:00:00,   6942.3 ,       36.45,    66.5
2026-04-30 17:00:00,   6997.03,       35.18,    61.29
2026-04-30 18:00:00,   7158.6 ,       35.3 ,    72.08
2026-04-30 19:00:00,   6964.94,       33.53,    62.43
2026-04-30 20:00:00,   6718.65,       31.52,    61.05
2026-04-30 21:00:00,   6354.5 ,       29.25,    73.08
2026-04-30 22:00:00,   6204.65,       29.64,    66.74
2026-04-30 23:00:00,   5768.97,       28.23,    73.7
2026-05-01 00:00:00,   4427.52,       28.28,    60.03
2026-05-01 01:00:00,   5051.63,       29.54,    77.87
2026-05-01 02:00:00,   5167.58,       30.98,    72.98
2026-05-01 03:00:00,   4964.81,       29.85,    63.14
2026-05-01 04:00:00,   5018.16,       28.57,    64.39
2026-05-01 05:00:00,   5082.41,       31.37,    77.63
2026-05-01 06:00:00,   6489.5 ,       33.24,    63.9
2026-05-01 07:00:00,   6202.69,       32.11,    64.43
2026-05-01 08:00:00,   6717.9 ,       33.71,    55.83
2026-05-01 09:00:00,   6748.74,       34.86,    64.38
2026-05-01 10:00:00,   6818.86,       34.72,    65.11
2026-05-01 11:00:00,   6981.72,       37.08,    67.71
2026-05-01 12:00:00,   6693.99,       36.56,    57.6
2026-05-01 13:00:00,   6817.68,       37.34,    56.29
2026-05-01 14:00:00,   6579.18,       35.64,    67.68
2026-05-01 15:00:00,   6664.85,       35.78,    70.33
2026-05-01 16:00:00,   6962.56,       36.53,    56.76
2026-05-01 17:00:00,   7098.23,       34.39,    71.96
2026-05-01 18:00:00,   7285.27,       35.95,    65.34
2026-05-01 19:00:00,   7109.67,       32.36,    73.84
2026-05-01 20:00:00,   7045.56,       32.07,    68.28
2026-05-01 21:00:00,   6508.09,       31.96,    56.13
2026-05-01 22:00:00,   6176.41,       28.31,    71.26
2026-05-01 23:00:00,   6028.76,       27.26,    78.27
2026-05-02 00:00:00,   4365.19,       27.26,    68.5
2026-05-02 01:00:00,   4703.7 ,       30.47,    68.14
2026-05-02 02:00:00,   4513.78,       28.43,    71.03
2026-05-02 03:00:00,   4861.88,       32.56,    53.7
2026-05-02 04:00:00,   4574.16,       29.45,    79.35
2026-05-02 05:00:00,   4676.61,       31.18,    64.93
2026-05-02 06:00:00,   6001.44,       33.77,    69.64
2026-05-02 07:00:00,   6427.04,       35.36,    65.24
2026-05-02 08:00:00,   6739.42,       36.46,    70.97
2026-05-02 09:00:00,   6873.41,       36.4 ,    66.77
2026-05-02 10:00:00,   6656.68,       37.01,    63.01
2026-05-02 11:00:00,   6535.5 ,       37.13,    59.62
2026-05-02 12:00:00,   6741.58,       37.75,    67.51
2026-05-02 13:00:00,   6246.27,       36.29,    55.47
2026-05-02 14:00:00,   6273.35,       35.84,    68.48
2026-05-02 15:00:00,   6454.08,       36.41,    59.23
2026-05-02 16:00:00,   6475.52,       35.58,    71.74
2026-05-02 17:00:00,   6856.24,       34.41,    67.34
2026-05-02 18:00:00,   6824.06,       34.83,    69.38
2026-05-02 19:00:00,   6731.73,       34.1 ,    67.22
2026-05-02 20:00:00,   6497.19,       32.03,    59.92
2026-05-02 21:00:00,   6218.67,       32.73,    63.74
2026-05-02 22:00:00,   5674.22,       28.76,    74.98
2026-05-02 23:00:00,   5474.34,       29.26,    72.0
2026-05-03 00:00:00,   4458.54,       28.35,    77.89
2026-05-03 01:00:00,   4262.59,       26.83,    75.37
2026-05-03 02:00:00,   4585.24,       29.11,    66.47
2026-05-03 03:00:00,   4698.65,       29.46,    67.01
2026-05-03 04:00:00,   4967.02,       32.06,    69.16
2026-05-03 05:00:00,   4894.54,       31.83,    57.29
2026-05-03 06:00:00,   5653.99,       30.81,    78.14
2026-05-03 07:00:00,   6184.18,       35.29,    67.94
2026-05-03 08:00:00,   6562.2 ,       35.57,    71.62
2026-05-03 09:00:00,   6573.92,       35.77,    57.41
2026-05-03 10:00:00,   6674.7 ,       35.63,    71.66
2026-05-03 11:00:00,   6706.47,       35.38,    76.81
2026-05-03 12:00:00,   6430.22,       36.49,    58.06
2026-05-03 13:00:00,   6283.32,       38.38,    66.82
2026-05-03 14:00:00,   6617.0 ,       39.2 ,    62.23
2026-05-03 15:00:00,   6721.34,       38.39,    55.23
2026-05-03 16:00:00,   6560.52,       35.31,    68.18
2026-05-03 17:00:00,   6499.56,       33.73,    71.31
2026-05-03 18:00:00,   6858.63,       34.27,    63.65
2026-05-03 19:00:00,   6347.49,       30.95,    75.48
2026-05-03 20:00:00,   6493.5 ,       32.42,    59.99
2026-05-03 21:00:00,   6324.15,       30.89,    62.22
2026-05-03 22:00:00,   5749.59,       29.68,    71.47
2026-05-03 23:00:00,   5512.08,       27.69,    72.7
2026-05-04 00:00:00,   4768.83,       29.94,    66.97
2026-05-04 01:00:00,   4978.4 ,       28.54,    75.86
2026-05-04 02:00:00,   4610.86,       27.92,    75.03
2026-05-04 03:00:00,   4686.73,       26.27,    78.15
2026-05-04 04:00:00,   5062.59,       30.32,    69.59
2026-05-04 05:00:00,   5388.44,       33.31,    70.53
2026-05-04 06:00:00,   6412.5 ,       34.14,    64.54
2026-05-04 07:00:00,   6474.94,       32.63,    78.4
2026-05-04 08:00:00,   6802.51,       33.5 ,    63.29
2026-05-04 09:00:00,   7127.37,       35.75,    75.86
2026-05-04 10:00:00,   6831.14,       34.81,    66.34
2026-05-04 11:00:00,   6933.29,       37.01,    57.31
2026-05-04 12:00:00,   7187.58,       37.97,    70.17
2026-05-04 13:00:00,   7027.67,       38.66,    63.34
2026-05-04 14:00:00,   6635.46,       36.93,    68.52
2026-05-04 15:00:00,   6838.61,       36.4 ,    70.86
2026-05-04 16:00:00,   6825.31,       34.96,    67.73
2026-05-04 17:00:00,   6984.7 ,       34.19,    63.77
2026-05-04 18:00:00,   7000.28,       33.95,    71.83
2026-05-04 19:00:00,   7126.24,       33.62,    67.24
2026-05-04 20:00:00,   7280.83,       33.24,    71.01
2026-05-04 21:00:00,   6593.27,       30.22,    59.53
2026-05-04 22:00:00,   6226.12,       32.15,    70.8
2026-05-04 23:00:00,   6118.7 ,       29.39,    67.85
2026-05-05 00:00:00,   5008.13,       29.41,    79.3
2026-05-05 01:00:00,   4713.87,       28.4 ,    75.06
2026-05-05 02:00:00,   4797.69,       26.52,    74.83
2026-05-05 03:00:00,   4965.32,       30.89,    72.13
2026-05-05 04:00:00,   5097.8 ,       31.35,    64.29
2026-05-05 05:00:00,   5361.64,       30.96,    77.75
2026-05-05 06:00:00,   6154.36,       32.34,    78.35
2026-05-05 07:00:00,   6342.9 ,       33.91,    68.94
2026-05-05 08:00:00,   6562.6 ,       32.46,    76.24
2026-05-05 09:00:00,   6900.52,       34.66,    63.46
2026-05-05 10:00:00,   7274.95,       37.08,    60.15
2026-05-05 11:00:00,   6749.78,       35.25,    65.98
2026-05-05 12:00:00,   6808.3 ,       37.51,    65.91
2026-05-05 13:00:00,   6688.32,       35.67,    63.43
2026-05-05 14:00:00,   6863.41,       37.72,    66.24
2026-05-05 15:00:00,   6782.06,       36.72,    65.99
2026-05-05 16:00:00,   6919.23,       34.19,    61.74
2026-05-05 17:00:00,   7332.23,       36.69,    67.07
2026-05-05 18:00:00,   7096.26,       33.45,    71.71
2026-05-05 19:00:00,   7048.69,       32.32,    69.27
2026-05-05 20:00:00,   6853.54,       32.5 ,    74.01
2026-05-05 21:00:00,   6762.78,       32.67,    62.01
2026-05-05 22:00:00,   6185.51,       29.25,    73.52
2026-05-05 23:00:00,   6018.51,       29.91,    64.73
2026-05-06 00:00:00,   5115.86,       30.06,    64.88
2026-05-06 01:00:00,   5011.44,       30.24,    67.13
2026-05-06 02:00:00,   5032.35,       29.75,    66.01
2026-05-06 03:00:00,   4910.38,       29.5 ,    68.21
2026-05-06 04:00:00,   5076.67,       29.58,    69.8
2026-05-06 05:00:00,   5303.4 ,       31.51,    73.33
2026-05-06 06:00:00,   6045.51,       31.08,    67.92
2026-05-06 07:00:00,   6091.67,       29.9 ,    62.66
2026-05-06 08:00:00,   6764.5 ,       34.96,    71.73
2026-05-06 09:00:00,   7198.1 ,       36.49,    60.47
2026-05-06 10:00:00,   6692.65,       33.4 ,    67.15
2026-05-06 11:00:00,   6744.0 ,       35.66,    67.64
2026-05-06 12:00:00,   7059.52,       38.01,    64.29
2026-05-06 13:00:00,   6925.48,       39.87,    67.08
2026-05-06 14:00:00,   6755.01,       37.29,    66.33
2026-05-06 15:00:00,   6916.65,       36.0 ,    60.8
2026-05-06 16:00:00,   7045.7 ,       36.01,    75.98
2026-05-06 17:00:00,   7354.47,       37.05,    65.12
2026-05-06 18:00:00,   7159.75,       33.67,    66.46
2026-05-06 19:00:00,   7071.43,       32.45,    73.12
2026-05-06 20:00:00,   6722.58,       31.79,    70.14
2026-05-06 21:00:00,   6502.47,       30.26,    72.26
2026-05-06 22:00:00,   6563.97,       30.72,    82.31
2026-05-06 23:00:00,   6208.79,       31.89,    67.42
2026-05-07 00:00:00,   4930.42,       30.04,    68.88
2026-05-07 01:00:00,   4804.89,       29.21,    71.79
2026-05-07 02:00:00,   4872.57,       29.3 ,    76.49
2026-05-07 03:00:00,   4687.7 ,       28.17,    64.61
2026-05-07 04:00:00,   5275.34,       31.74,    59.1
2026-05-07 05:00:00,   5276.43,       31.42,    66.29
2026-05-07 06:00:00,   6285.8 ,       32.26,    60.3
2026-05-07 07:00:00,   6868.31,       37.34,    61.77
2026-05-07 08:00:00,   6839.02,       34.91,    68.6
2026-05-07 09:00:00,   6892.43,       34.61,    61.9
2026-05-07 10:00:00,   7051.69,       35.83,    58.12
2026-05-07 11:00:00,   7040.51,       38.36,    63.33
2026-05-07 12:00:00,   6984.45,       37.51,    68.05
2026-05-07 13:00:00,   6735.16,       35.79,    56.82
2026-05-07 14:00:00,   6837.1 ,       38.48,    66.97
2026-05-07 15:00:00,   6763.71,       36.18,    69.03
2026-05-07 16:00:00,   8011.96,       38.59,    67.54
2026-05-07 17:00:00,   7654.32,       36.81,    70.46
2026-05-07 18:00:00,   7127.32,       34.01,    77.9
2026-05-07 19:00:00,   7571.44,       35.05,    64.17
2026-05-07 20:00:00,   6852.55,       32.56,    68.74
2026-05-07 21:00:00,   6706.37,       32.54,    66.14
2026-05-07 22:00:00,   6360.41,       31.27,    69.37
2026-05-07 23:00:00,   5851.27,       29.03,    79.03
2026-05-08 00:00:00,   4817.65,       28.98,    64.69
2026-05-08 01:00:00,   4989.86,       30.85,    65.43
2026-05-08 02:00:00,   4798.88,       29.35,    77.97
2026-05-08 03:00:00,   5084.05,       29.67,    75.9
2026-05-08 04:00:00,   5119.46,       29.64,    69.0
2026-05-08 05:00:00,   5459.25,       32.13,    72.86
2026-05-08 06:00:00,   6599.22,       35.06,    67.65
2026-05-08 07:00:00,   6412.39,       32.34,    75.9
2026-05-08 08:00:00,   6801.06,       34.68,    66.66
2026-05-08 09:00:00,   7137.13,       37.31,    69.05
2026-05-08 10:00:00,   7110.88,       36.35,    77.99
2026-05-08 11:00:00,   6915.0 ,       37.63,    66.63
2026-05-08 12:00:00,   6606.38,       36.21,    65.16
2026-05-08 13:00:00,   7020.3 ,       38.13,    66.79
2026-05-08 14:00:00,   7044.9 ,       37.26,    62.14
2026-05-08 15:00:00,   7128.35,       38.27,    75.0
2026-05-08 16:00:00,   7378.98,       37.87,    64.32
2026-05-08 17:00:00,   7546.67,       38.73,    61.28
2026-05-08 18:00:00,   7186.65,       35.35,    61.51
2026-05-08 19:00:00,   7326.41,       34.01,    72.38
2026-05-08 20:00:00,   7111.45,       32.82,    72.3
2026-05-08 21:00:00,   6680.45,       31.19,    66.94
2026-05-08 22:00:00,   6413.03,       31.2 ,    72.31
2026-05-08 23:00:00,   6167.93,       29.8 ,    63.14
2026-05-09 00:00:00,   4518.51,       30.06,    71.37
2026-05-09 01:00:00,   4693.55,       31.3 ,    71.59
2026-05-09 02:00:00,   4349.56,       28.65,    80.25
2026-05-09 03:00:00,   4847.56,       31.63,    65.18
2026-05-09 04:00:00,   4839.33,       32.47,    61.88
2026-05-09 05:00:00,   4855.3 ,       31.58,    64.6
2026-05-09 06:00:00,   5519.17,       30.14,    63.69
2026-05-09 07:00:00,   6106.26,       32.99,    74.49
2026-05-09 08:00:00,   6535.57,       36.31,    72.56
2026-05-09 09:00:00,   6725.39,       35.7 ,    66.98
2026-05-09 10:00:00,   6754.64,       35.35,    71.79
2026-05-09 11:00:00,   6604.33,       36.58,    65.25
2026-05-09 12:00:00,   6854.71,       38.6 ,    62.29
2026-05-09 13:00:00,   6729.15,       38.38,    61.29
2026-05-09 14:00:00,   6572.76,       37.3 ,    62.38
2026-05-09 15:00:00,   6565.42,       36.75,    56.69
2026-05-09 16:00:00,   6691.58,       36.08,    66.35
2026-05-09 17:00:00,   6832.18,       34.62,    66.14
2026-05-09 18:00:00,   7119.38,       36.7 ,    68.2
2026-05-09 19:00:00,   6603.79,       33.34,    67.97
2026-05-09 20:00:00,   6919.53,       34.15,    65.95
2026-05-09 21:00:00,   6476.12,       33.55,    62.95
2026-05-09 22:00:00,   6091.75,       32.09,    68.98
2026-05-09 23:00:00,   5702.95,       29.74,    74.42
2026-05-10 00:00:00,   4679.02,       30.45,    64.38
2026-05-10 01:00:00,   4443.5 ,       29.8 ,    71.12
2026-05-10 02:00:00,   4524.96,       28.88,    72.68
2026-05-10 03:00:00,   4855.63,       30.75,    66.23
2026-05-10 04:00:00,   4494.79,       29.58,    67.94
2026-05-10 05:00:00,   5297.9 ,       33.25,    68.73
2026-05-10 06:00:00,   5675.04,       32.23,    62.82
2026-05-10 07:00:00,   6527.87,       34.07,    68.59
2026-05-10 08:00:00,   6538.49,       35.2 ,    61.34
2026-05-10 09:00:00,   6718.17,       35.51,    70.85
2026-05-10 10:00:00,   6626.06,       37.36,    75.57
2026-05-10 11:00:00,   6604.68,       36.72,    60.15
2026-05-10 12:00:00,   6721.35,       38.73,    65.31
2026-05-10 13:00:00,   6305.95,       36.21,    61.28
2026-05-10 14:00:00,   6484.23,       37.84,    68.65
2026-05-10 15:00:00,   6794.66,       39.62,    55.52
2026-05-10 16:00:00,   6756.67,       35.45,    68.0
2026-05-10 17:00:00,   6799.21,       35.01,    61.62
2026-05-10 18:00:00,   7212.42,       35.48,    64.54
2026-05-10 19:00:00,   6858.55,       34.04,    61.71
2026-05-10 20:00:00,   6703.3 ,       33.21,    71.72
2026-05-10 21:00:00,   6580.85,       32.41,    64.14
2026-05-10 22:00:00,   5979.85,       31.76,    71.68
2026-05-10 23:00:00,   5799.01,       31.69,    67.26
2026-05-11 00:00:00,   5192.46,       30.55,    69.43
2026-05-11 01:00:00,   4810.5 ,       29.64,    71.57
2026-05-11 02:00:00,   4883.25,       30.87,    65.91
2026-05-11 03:00:00,   5560.24,       32.74,    69.09
2026-05-11 04:00:00,   4983.06,       30.94,    77.31
2026-05-11 05:00:00,   5225.38,       30.76,    65.93
2026-05-11 06:00:00,   6466.32,       34.22,    72.56
2026-05-11 07:00:00,   6259.66,       33.78,    74.59
2026-05-11 08:00:00,   6571.55,       32.35,    64.3
2026-05-11 09:00:00,   7283.27,       36.94,    56.98
2026-05-11 10:00:00,   7103.49,       36.11,    66.51
2026-05-11 11:00:00,   7145.35,       37.28,    61.21
2026-05-11 12:00:00,   6939.22,       38.19,    72.47
2026-05-11 13:00:00,   6992.48,       38.15,    63.34
2026-05-11 14:00:00,   6922.49,       38.64,    58.71
2026-05-11 15:00:00,   6766.52,       36.87,    58.58
2026-05-11 16:00:00,   7052.66,       37.37,    69.32
2026-05-11 17:00:00,   7049.73,       35.61,    62.59
2026-05-11 18:00:00,   7550.52,       35.85,    65.46
2026-05-11 19:00:00,   7172.18,       34.66,    71.08
2026-05-11 20:00:00,   6972.61,       31.77,    66.49
2026-05-11 21:00:00,   6906.45,       33.23,    67.37
2026-05-11 22:00:00,   6363.16,       30.45,    70.01
2026-05-11 23:00:00,   6434.27,       31.43,    72.63
2026-05-12 00:00:00,   5021.15,       30.6 ,    72.91
2026-05-12 01:00:00,   5343.09,       32.23,    67.39
2026-05-12 02:00:00,   4996.14,       29.89,    70.92
2026-05-12 03:00:00,   5013.01,       30.14,    68.52
2026-05-12 04:00:00,   5461.74,       31.17,    62.06
2026-05-12 05:00:00,   5146.12,       31.66,    70.3
2026-05-12 06:00:00,   6587.63,       33.95,    76.41
2026-05-12 07:00:00,   6479.41,       32.08,    64.21
2026-05-12 08:00:00,   6726.35,       33.79,    63.22
2026-05-12 09:00:00,   7168.31,       34.74,    61.88
2026-05-12 10:00:00,   7072.26,       37.99,    66.93
2026-05-12 11:00:00,   7252.81,       39.54,    64.16
2026-05-12 12:00:00,   6796.98,       37.76,    62.72
2026-05-12 13:00:00,   6923.82,       37.82,    58.87
2026-05-12 14:00:00,   6798.69,       37.97,    63.79
2026-05-12 15:00:00,   7236.89,       38.88,    54.68
2026-05-12 16:00:00,   6997.71,       35.74,    66.05
2026-05-12 17:00:00,   7258.48,       36.31,    69.18
2026-05-12 18:00:00,   7529.17,       36.23,    58.64
2026-05-12 19:00:00,   7324.36,       34.62,    58.68
2026-05-12 20:00:00,   6990.21,       33.21,    75.5
2026-05-12 21:00:00,   7281.42,       33.22,    64.54
2026-05-12 22:00:00,   6030.01,       27.95,    78.02
2026-05-12 23:00:00,   6004.9 ,       31.37,    68.5
2026-05-13 00:00:00,   4844.43,       29.47,    70.17
2026-05-13 01:00:00,   4617.5 ,       27.92,    74.56
2026-05-13 02:00:00,   5215.35,       30.87,    65.3
2026-05-13 03:00:00,   5336.76,       32.3 ,    69.09
2026-05-13 04:00:00,   5235.39,       31.13,    67.58
2026-05-13 05:00:00,   5474.35,       33.26,    60.96
2026-05-13 06:00:00,   6535.18,       35.02,    67.67
2026-05-13 07:00:00,   6797.02,       35.7 ,    64.06
2026-05-13 08:00:00,   7180.83,       37.12,    63.31
2026-05-13 09:00:00,   7352.45,       37.01,    58.14
2026-05-13 10:00:00,   7227.18,       37.04,    72.12
2026-05-13 11:00:00,   6917.22,       35.66,    69.79
2026-05-13 12:00:00,   7000.35,       37.69,    68.4
2026-05-13 13:00:00,   6902.18,       37.11,    62.58
2026-05-13 14:00:00,   7288.16,       40.59,    52.33
2026-05-13 15:00:00,   7054.14,       37.37,    73.63
2026-05-13 16:00:00,   7332.82,       37.09,    63.81
2026-05-13 17:00:00,   7300.08,       36.78,    60.65
2026-05-13 18:00:00,   7264.49,       35.21,    67.9
2026-05-13 19:00:00,   7405.01,       36.15,    70.8
2026-05-13 20:00:00,   7044.63,       32.34,    68.28
2026-05-13 21:00:00,   6625.48,       32.35,    74.78
2026-05-13 22:00:00,   6439.12,       30.4 ,    75.56
2026-05-13 23:00:00,   5989.01,       29.07,    65.95
2026-05-14 00:00:00,   5106.19,       29.61,    67.48
2026-05-14 01:00:00,   4956.3 ,       30.17,    75.14
2026-05-14 02:00:00,   4974.85,       29.83,    57.09
2026-05-14 03:00:00,   5153.77,       29.92,    69.83
2026-05-14 04:00:00,   5189.27,       29.7 ,    63.62
2026-05-14 05:00:00,   5306.42,       32.11,    66.22
2026-05-14 06:00:00,   6160.13,       31.37,    67.77
2026-05-14 07:00:00,   6815.43,       35.12,    64.1
2026-05-14 08:00:00,   7029.59,       35.35,    62.93
2026-05-14 09:00:00,   6922.41,       34.46,    61.0
2026-05-14 10:00:00,   7303.69,       36.67,    75.96
2026-05-14 11:00:00,   6771.28,       36.77,    73.74
2026-05-14 12:00:00,   6989.72,       38.46,    57.08
2026-05-14 13:00:00,   7182.71,       39.82,    69.57
2026-05-14 14:00:00,   6744.27,       35.83,    63.26
2026-05-14 15:00:00,   7233.76,       37.81,    64.11
2026-05-14 16:00:00,   7311.61,       36.85,    64.02
2026-05-14 17:00:00,   7381.35,       37.02,    60.89
2026-05-14 18:00:00,   7566.05,       35.5 ,    70.47
2026-05-14 19:00:00,   7127.73,       33.31,    68.15
2026-05-14 20:00:00,   7196.57,       32.79,    65.6
2026-05-14 21:00:00,   6941.0 ,       31.26,    62.85
2026-05-14 22:00:00,   6809.78,       32.68,    63.62
2026-05-14 23:00:00,   6226.42,       30.77,    61.6
2026-05-15 00:00:00,   5310.21,       32.72,    68.11
2026-05-15 01:00:00,   4868.22,       30.23,    64.31
2026-05-15 02:00:00,   5014.45,       29.59,    69.54
2026-05-15 03:00:00,   4785.14,       29.02,    78.23
2026-05-15 04:00:00,   4889.1 ,       29.31,    77.12
2026-05-15 05:00:00,   5047.12,       30.4 ,    69.98
2026-05-15 06:00:00,   6356.34,       33.59,    66.83
2026-05-15 07:00:00,   6758.68,       34.91,    75.48
2026-05-15 08:00:00,   6796.15,       33.44,    70.01
2026-05-15 09:00:00,   7238.76,       37.38,    62.22
2026-05-15 10:00:00,   7271.33,       36.55,    57.47
2026-05-15 11:00:00,   7120.63,       37.94,    65.32
2026-05-15 12:00:00,   7150.05,       40.1 ,    65.55
2026-05-15 13:00:00,   7110.36,       39.38,    58.9
2026-05-15 14:00:00,   7174.51,       37.85,    64.9
2026-05-15 15:00:00,   6984.88,       36.7 ,    62.65
2026-05-15 16:00:00,   6855.61,       34.55,    65.48
2026-05-15 17:00:00,   7050.21,       35.44,    53.16
2026-05-15 18:00:00,   7340.75,       35.09,    64.81
2026-05-15 19:00:00,   7225.86,       33.12,    72.54
2026-05-15 20:00:00,   7083.52,       33.11,    64.54
2026-05-15 21:00:00,   6667.71,       32.4 ,    68.61
2026-05-15 22:00:00,   6392.72,       31.21,    65.64
2026-05-15 23:00:00,   6309.73,       30.06,    72.25
2026-05-16 00:00:00,   4940.4 ,       30.73,    68.76
2026-05-16 01:00:00,   4685.41,       30.92,    64.97
2026-05-16 02:00:00,   4670.69,       29.22,    77.86
2026-05-16 03:00:00,   4866.47,       32.62,    72.78
2026-05-16 04:00:00,   5066.03,       31.45,    66.17
2026-05-16 05:00:00,   5118.05,       32.42,    70.81
2026-05-16 06:00:00,   6256.85,       34.21,    69.4
2026-05-16 07:00:00,   6184.33,       34.67,    69.51
2026-05-16 08:00:00,   6877.36,       36.57,    56.11
2026-05-16 09:00:00,   6890.14,       36.74,    69.47
2026-05-16 10:00:00,   6894.4 ,       36.49,    61.81
2026-05-16 11:00:00,   6954.1 ,       38.29,    61.25
2026-05-16 12:00:00,   6523.4 ,       36.88,    77.49
2026-05-16 13:00:00,   6565.38,       38.52,    64.34
2026-05-16 14:00:00,   6734.11,       38.22,    61.17
2026-05-16 15:00:00,   6703.59,       37.61,    52.63
2026-05-16 16:00:00,   6753.55,       37.07,    71.09
2026-05-16 17:00:00,   6623.44,       34.14,    60.05
2026-05-16 18:00:00,   6808.99,       34.77,    61.19
2026-05-16 19:00:00,   6959.74,       34.5 ,    64.79
2026-05-16 20:00:00,   6972.06,       33.55,    74.39
2026-05-16 21:00:00,   6397.63,       31.16,    73.32
2026-05-16 22:00:00,   6313.63,       33.08,    66.94
2026-05-16 23:00:00,   5868.42,       29.89,    72.14
2026-05-17 00:00:00,   4801.17,       31.78,    65.9
2026-05-17 01:00:00,   4818.56,       30.99,    70.3
2026-05-17 02:00:00,   4649.8 ,       29.84,    71.01
2026-05-17 03:00:00,   5171.3 ,       33.15,    72.51
2026-05-17 04:00:00,   4567.99,       30.22,    75.14
2026-05-17 05:00:00,   5133.68,       33.58,    69.74
2026-05-17 06:00:00,   6005.83,       34.65,    64.51
2026-05-17 07:00:00,   6246.27,       33.68,    70.9
2026-05-17 08:00:00,   7022.11,       37.19,    63.57
2026-05-17 09:00:00,   6770.49,       36.18,    59.53
2026-05-17 10:00:00,   6878.08,       37.66,    61.59
2026-05-17 11:00:00,   6951.79,       38.26,    63.49
2026-05-17 12:00:00,   6806.52,       38.18,    67.69
2026-05-17 13:00:00,   6745.4 ,       39.45,    61.07
2026-05-17 14:00:00,   6859.2 ,       39.3 ,    56.09
2026-05-17 15:00:00,   6377.18,       35.85,    65.52
2026-05-17 16:00:00,   7247.41,       38.87,    63.08
2026-05-17 17:00:00,   7040.73,       34.49,    67.39
2026-05-17 18:00:00,   7293.93,       36.75,    69.02
2026-05-17 19:00:00,   6937.16,       35.83,    70.35
2026-05-17 20:00:00,   6610.06,       32.14,    65.61
2026-05-17 21:00:00,   6556.09,       31.99,    65.63
2026-05-17 22:00:00,   6002.58,       30.33,    65.01
2026-05-17 23:00:00,   6035.72,       30.76,    73.31
2026-05-18 00:00:00,   5154.77,       30.33,    77.45
2026-05-18 01:00:00,   5140.17,       31.5 ,    67.57
2026-05-18 02:00:00,   5324.04,       32.27,    67.25
2026-05-18 03:00:00,   5282.95,       32.78,    75.34
2026-05-18 04:00:00,   5193.36,       31.06,    72.07
2026-05-18 05:00:00,   5373.74,       32.31,    70.6
2026-05-18 06:00:00,   6323.97,       31.51,    63.19
2026-05-18 07:00:00,   6878.94,       33.6 ,    70.65
2026-05-18 08:00:00,   7010.49,       36.76,    59.77
2026-05-18 09:00:00,   7236.09,       38.5 ,    57.18
2026-05-18 10:00:00,   7057.7 ,       35.91,    63.44
2026-05-18 11:00:00,   6909.25,       37.32,    60.98
2026-05-18 12:00:00,   7066.46,       38.4 ,    61.83
2026-05-18 13:00:00,   7136.57,       38.9 ,    55.28
2026-05-18 14:00:00,   7092.56,       37.46,    68.58
2026-05-18 15:00:00,   7210.52,       38.54,    68.45
2026-05-18 16:00:00,   7169.89,       36.83,    54.62
2026-05-18 17:00:00,   7149.87,       36.55,    69.5
2026-05-18 18:00:00,   7531.59,       36.26,    60.82
2026-05-18 19:00:00,   7401.6 ,       34.57,    70.67
2026-05-18 20:00:00,   7215.06,       33.01,    67.45
2026-05-18 21:00:00,   6807.98,       32.43,    68.45
2026-05-18 22:00:00,   6514.53,       31.63,    68.11
2026-05-18 23:00:00,   6050.44,       30.66,    75.97
2026-05-19 00:00:00,   4833.05,       30.47,    63.88
2026-05-19 01:00:00,   5226.58,       32.57,    71.23
2026-05-19 02:00:00,   5040.54,       31.46,    74.69
2026-05-19 03:00:00,   5203.81,       30.83,    73.33
2026-05-19 04:00:00,   5351.12,       32.66,    79.73
2026-05-19 05:00:00,   5374.48,       32.25,    65.83
2026-05-19 06:00:00,   6492.94,       35.02,    70.77
2026-05-19 07:00:00,   6423.11,       35.09,    65.39
2026-05-19 08:00:00,   7225.56,       35.55,    71.67
2026-05-19 09:00:00,   7195.39,       37.19,    63.99
2026-05-19 10:00:00,   7005.89,       35.59,    63.53
2026-05-19 11:00:00,   6856.65,       36.76,    70.95
2026-05-19 12:00:00,   7026.14,       37.08,    61.67
2026-05-19 13:00:00,   7060.87,       38.82,    55.5
2026-05-19 14:00:00,   7196.88,       40.59,    58.38
2026-05-19 15:00:00,   7416.25,       40.79,    63.88
2026-05-19 16:00:00,   7571.28,       38.24,    70.04
2026-05-19 17:00:00,   7469.44,       37.25,    64.53
2026-05-19 18:00:00,   7185.34,       33.52,    73.92
2026-05-19 19:00:00,   7217.73,       34.0 ,    60.11
2026-05-19 20:00:00,   6877.16,       32.67,    65.88
2026-05-19 21:00:00,   6816.9 ,       31.9 ,    67.34
2026-05-19 22:00:00,   6611.02,       31.62,    68.47
2026-05-19 23:00:00,   6361.77,       30.62,    70.36
2026-05-20 00:00:00,   4606.78,       28.49,    75.31
2026-05-20 01:00:00,   5118.44,       31.63,    66.81
2026-05-20 02:00:00,   4940.4 ,       29.58,    71.58
2026-05-20 03:00:00,   5256.34,       31.55,    68.88
2026-05-20 04:00:00,   5610.56,       34.39,    61.92
2026-05-20 05:00:00,   5356.5 ,       31.63,    68.47
2026-05-20 06:00:00,   6143.1 ,       30.66,    69.19
2026-05-20 07:00:00,   6624.56,       34.39,    65.73
2026-05-20 08:00:00,   7347.01,       37.09,    64.28
2026-05-20 09:00:00,   7601.32,       39.08,    62.71
2026-05-20 10:00:00,   7082.51,       36.08,    62.86
2026-05-20 11:00:00,   7473.48,       38.79,    68.95
2026-05-20 12:00:00,   7217.55,       38.03,    57.42
2026-05-20 13:00:00,   7136.12,       38.6 ,    59.15
2026-05-20 14:00:00,   7081.48,       41.77,    73.81
2026-05-20 15:00:00,   7131.41,       36.39,    59.56
2026-05-20 16:00:00,   7426.29,       37.86,    56.66
2026-05-20 17:00:00,   7730.55,       37.29,    67.61
2026-05-20 18:00:00,   7787.7 ,       37.07,    53.75
2026-05-20 19:00:00,   7628.7 ,       34.85,    64.96
2026-05-20 20:00:00,   7384.1 ,       34.06,    77.57
2026-05-20 21:00:00,   7047.31,       32.26,    60.74
2026-05-20 22:00:00,   6890.58,       32.22,    58.59
2026-05-20 23:00:00,   6290.72,       30.85,    62.24
2026-05-21 00:00:00,   5078.45,       31.69,    73.47
2026-05-21 01:00:00,   5071.62,       30.36,    75.8
2026-05-21 02:00:00,   5281.64,       31.4 ,    66.68
2026-05-21 03:00:00,   5243.07,       31.31,    72.74
2026-05-21 04:00:00,   5357.84,       33.33,    74.45
2026-05-21 05:00:00,   5316.35,       32.75,    76.97
2026-05-21 06:00:00,   6130.22,       31.64,    67.79
2026-05-21 07:00:00,   7068.78,       36.32,    53.3
2026-05-21 08:00:00,   7151.58,       34.76,    62.12
2026-05-21 09:00:00,   7299.14,       36.02,    62.95
2026-05-21 10:00:00,   7355.05,       36.92,    62.98
2026-05-21 11:00:00,   7414.05,       39.92,    60.63
2026-05-21 12:00:00,   6597.19,       36.11,    70.6
2026-05-21 13:00:00,   7452.63,       42.57,    65.56
2026-05-21 14:00:00,   7199.93,       39.94,    60.7
2026-05-21 15:00:00,   7146.85,       38.54,    68.31
2026-05-21 16:00:00,   7309.02,       37.57,    65.48
2026-05-21 17:00:00,   7532.51,       37.15,    64.39
2026-05-21 18:00:00,   7676.24,       36.47,    69.21
2026-05-21 19:00:00,   7500.71,       35.58,    65.84
2026-05-21 20:00:00,   7101.85,       34.44,    76.79
2026-05-21 21:00:00,   6912.8 ,       32.91,    60.68
2026-05-21 22:00:00,   6605.35,       31.74,    66.36
2026-05-21 23:00:00,   6455.1 ,       31.16,    68.82
2026-05-22 00:00:00,   5097.02,       30.79,    71.99
2026-05-22 01:00:00,   5402.12,       32.24,    74.82
2026-05-22 02:00:00,   5316.44,       31.73,    68.82
2026-05-22 03:00:00,   4848.91,       27.89,    65.29
2026-05-22 04:00:00,   5567.01,       32.84,    72.16
2026-05-22 05:00:00,   5483.84,       33.12,    71.47
2026-05-22 06:00:00,   6418.37,       33.83,    57.35
2026-05-22 07:00:00,   6748.37,       34.42,    66.51
2026-05-22 08:00:00,   7193.03,       37.27,    56.01
2026-05-22 09:00:00,   7496.31,       38.02,    59.96
2026-05-22 10:00:00,   7132.66,       36.78,    59.88
2026-05-22 11:00:00,   7327.22,       38.84,    66.59
2026-05-22 12:00:00,   6977.45,       37.58,    64.26
2026-05-22 13:00:00,   6898.15,       37.23,    57.57
2026-05-22 14:00:00,   6949.1 ,       37.99,    67.71
2026-05-22 15:00:00,   7273.45,       39.38,    54.89
2026-05-22 16:00:00,   7474.75,       38.86,    64.18
2026-05-22 17:00:00,   7552.17,       37.5 ,    59.68
2026-05-22 18:00:00,   7618.36,       36.79,    62.56
2026-05-22 19:00:00,   7735.76,       35.5 ,    68.07
2026-05-22 20:00:00,   7054.64,       33.08,    70.34
2026-05-22 21:00:00,   7027.95,       33.4 ,    74.12
2026-05-22 22:00:00,   6570.55,       33.02,    67.38
2026-05-22 23:00:00,   6499.02,       32.32,    69.94
2026-05-23 00:00:00,   4895.83,       32.52,    66.04
2026-05-23 01:00:00,   4911.18,       31.81,    69.78
2026-05-23 02:00:00,   4867.36,       31.51,    71.33
2026-05-23 03:00:00,   5106.95,       32.78,    67.51
2026-05-23 04:00:00,   4955.97,       32.1 ,    59.59
2026-05-23 05:00:00,   5001.9 ,       31.9 ,    70.45
2026-05-23 06:00:00,   6304.15,       33.73,    68.97
2026-05-23 07:00:00,   6397.86,       34.06,    63.44
2026-05-23 08:00:00,   6608.66,       35.18,    59.41
2026-05-23 09:00:00,   6913.23,       36.78,    71.77
2026-05-23 10:00:00,   7078.11,       36.83,    66.81
2026-05-23 11:00:00,   6834.11,       38.05,    62.11
2026-05-23 12:00:00,   6439.23,       36.55,    58.92
2026-05-23 13:00:00,   6684.78,       39.21,    58.1
2026-05-23 14:00:00,   6694.03,       38.82,    69.07
2026-05-23 15:00:00,   6666.19,       37.44,    64.49
2026-05-23 16:00:00,   6932.58,       38.58,    60.03
2026-05-23 17:00:00,   7119.37,       38.08,    65.77
2026-05-23 18:00:00,   6848.68,       34.06,    62.77
2026-05-23 19:00:00,   7083.18,       34.04,    74.37
2026-05-23 20:00:00,   6774.63,       33.0 ,    74.57
2026-05-23 21:00:00,   6478.49,       31.83,    66.52
2026-05-23 22:00:00,   6581.22,       33.12,    64.55
2026-05-23 23:00:00,   6138.48,       31.26,    56.28
2026-05-24 00:00:00,   4801.36,       30.85,    62.33
2026-05-24 01:00:00,   4493.18,       28.62,    65.04
2026-05-24 02:00:00,   4864.01,       31.93,    69.44
2026-05-24 03:00:00,   4838.67,       30.08,    68.8
2026-05-24 04:00:00,   5025.04,       32.27,    61.73
2026-05-24 05:00:00,   5208.74,       33.36,    66.07
2026-05-24 06:00:00,   6268.47,       35.63,    67.96
2026-05-24 07:00:00,   6205.0 ,       33.46,    70.03
2026-05-24 08:00:00,   6391.66,       32.44,    58.81
2026-05-24 09:00:00,   6847.61,       37.25,    63.34
2026-05-24 10:00:00,   7388.29,       40.02,    54.57
2026-05-24 11:00:00,   7035.88,       39.98,    66.03
2026-05-24 12:00:00,   6821.71,       39.14,    66.19
2026-05-24 13:00:00,   6519.88,       38.44,    58.42
2026-05-24 14:00:00,   6889.35,       39.86,    57.8
2026-05-24 15:00:00,   6690.46,       37.32,    61.6
2026-05-24 16:00:00,   7068.65,       38.43,    51.65
2026-05-24 17:00:00,   7383.51,       37.63,    65.31
2026-05-24 18:00:00,   7368.53,       37.34,    62.53
2026-05-24 19:00:00,   7438.91,       38.34,    67.85
2026-05-24 20:00:00,   6917.14,       34.46,    60.99
2026-05-24 21:00:00,   6651.67,       32.42,    65.23
2026-05-24 22:00:00,   6476.38,       32.17,    61.02
2026-05-24 23:00:00,   5804.92,       29.44,    65.98
2026-05-25 00:00:00,   5220.38,       30.4 ,    64.23
2026-05-25 01:00:00,   5236.13,       30.61,    74.93
2026-05-25 02:00:00,   5335.53,       30.6 ,    66.47
2026-05-25 03:00:00,   5086.45,       31.82,    69.49
2026-05-25 04:00:00,   5367.08,       31.28,    67.44
2026-05-25 05:00:00,   5859.12,       34.44,    60.15
2026-05-25 06:00:00,   6374.02,       34.06,    66.0
2026-05-25 07:00:00,   6742.67,       35.09,    68.92
2026-05-25 08:00:00,   7003.21,       35.74,    59.3
2026-05-25 09:00:00,   7278.35,       37.28,    67.99
2026-05-25 10:00:00,   7435.1 ,       38.92,    58.23
2026-05-25 11:00:00,   7190.24,       37.52,    61.32
2026-05-25 12:00:00,   7183.05,       38.17,    65.8
2026-05-25 13:00:00,   7201.6 ,       38.73,    59.32
2026-05-25 14:00:00,   6844.73,       37.35,    64.08
2026-05-25 15:00:00,   7015.17,       37.58,    62.11
2026-05-25 16:00:00,   7459.85,       37.35,    64.53
2026-05-25 17:00:00,   7702.1 ,       38.15,    51.26
2026-05-25 18:00:00,   7606.76,       36.45,    55.55
2026-05-25 19:00:00,   7586.02,       35.33,    68.78
2026-05-25 20:00:00,   7429.41,       35.08,    71.11
2026-05-25 21:00:00,   7061.18,       32.93,    63.31
2026-05-25 22:00:00,   6704.58,       32.74,    66.82
2026-05-25 23:00:00,   6407.7 ,       31.51,    70.62
2026-05-26 00:00:00,   5108.79,       31.62,    72.51
2026-05-26 01:00:00,   5069.52,       30.46,    59.94
2026-05-26 02:00:00,   4822.35,       28.37,    67.53
2026-05-26 03:00:00,   5248.27,       31.54,    67.45
2026-05-26 04:00:00,   5513.21,       34.04,    70.38
2026-05-26 05:00:00,   5663.07,       34.27,    79.15
2026-05-26 06:00:00,   6506.0 ,       35.29,    64.6
2026-05-26 07:00:00,   7108.21,       36.65,    57.48
2026-05-26 08:00:00,   7169.46,       36.3 ,    66.84
2026-05-26 09:00:00,   7181.32,       37.4 ,    70.45
2026-05-26 10:00:00,   7199.04,       37.25,    64.51
2026-05-26 11:00:00,   7294.95,       38.25,    58.54
2026-05-26 12:00:00,   7211.52,       39.77,    66.5
2026-05-26 13:00:00,   7219.38,       40.61,    64.27
2026-05-26 14:00:00,   7124.11,       38.86,    57.4
2026-05-26 15:00:00,   7224.99,       38.09,    65.13
2026-05-26 16:00:00,   7212.31,       37.99,    68.29
2026-05-26 17:00:00,   7665.24,       37.88,    69.31
2026-05-26 18:00:00,   7269.13,       34.47,    66.15
2026-05-26 19:00:00,   7182.61,       32.41,    66.54
2026-05-26 20:00:00,   7241.0 ,       33.47,    73.52
2026-05-26 21:00:00,   6793.05,       31.7 ,    62.92
2026-05-26 22:00:00,   6506.74,       31.72,    71.14
2026-05-26 23:00:00,   6348.82,       31.52,    62.28
2026-05-27 00:00:00,   5395.29,       30.82,    75.09
2026-05-27 01:00:00,   5295.41,       32.97,    66.54
2026-05-27 02:00:00,   5518.59,       31.76,    75.26
2026-05-27 03:00:00,   5338.31,       32.12,    71.05
2026-05-27 04:00:00,   5527.04,       33.15,    61.55
2026-05-27 05:00:00,   5313.0 ,       31.86,    75.95
2026-05-27 06:00:00,   6619.47,       35.44,    73.36
2026-05-27 07:00:00,   6806.78,       35.14,    70.29
2026-05-27 08:00:00,   7151.34,       37.07,    60.33
2026-05-27 09:00:00,   7191.79,       35.94,    63.62
2026-05-27 10:00:00,   7129.26,       36.19,    65.66
2026-05-27 11:00:00,   7653.62,       39.67,    58.28
2026-05-27 12:00:00,   7115.97,       39.54,    70.37
2026-05-27 13:00:00,   7025.76,       38.14,    63.89
2026-05-27 14:00:00,   7071.33,       38.05,    49.74
2026-05-27 15:00:00,   7295.88,       40.04,    63.16
2026-05-27 16:00:00,   7309.42,       36.63,    62.79
2026-05-27 17:00:00,   7715.08,       39.2 ,    61.85
2026-05-27 18:00:00,   7157.98,       35.18,    63.99
2026-05-27 19:00:00,   7700.2 ,       35.99,    69.14
2026-05-27 20:00:00,   7156.85,       33.8 ,    72.68
2026-05-27 21:00:00,   7006.89,       33.95,    68.36
2026-05-27 22:00:00,   6720.63,       31.75,    67.23
2026-05-27 23:00:00,   6352.95,       31.57,    68.88
2026-05-28 00:00:00,   5394.82,       31.47,    69.27
2026-05-28 01:00:00,   5263.83,       30.09,    66.41
2026-05-28 02:00:00,   5311.02,       32.31,    71.31
2026-05-28 03:00:00,   5360.78,       31.21,    71.71
2026-05-28 04:00:00,   5322.9 ,       32.19,    76.23
2026-05-28 05:00:00,   5745.46,       32.1 ,    74.89
2026-05-28 06:00:00,   6123.54,       31.18,    66.01
2026-05-28 07:00:00,   6986.94,       35.06,    70.05
2026-05-28 08:00:00,   7642.22,       39.22,    57.45
2026-05-28 09:00:00,   7535.39,       38.23,    66.57
2026-05-28 10:00:00,   7331.88,       38.09,    60.63
2026-05-28 11:00:00,   7271.0 ,       38.44,    57.79
2026-05-28 12:00:00,   6959.77,       39.18,    63.64
2026-05-28 13:00:00,   7262.32,       39.95,    48.18
2026-05-28 14:00:00,   7052.01,       37.74,    54.78
2026-05-28 15:00:00,   7452.02,       40.09,    60.53
2026-05-28 16:00:00,   7157.77,       38.98,    62.83
2026-05-28 17:00:00,   7491.15,       38.15,    61.32
2026-05-28 18:00:00,   7573.4 ,       36.85,    56.44
2026-05-28 19:00:00,   7580.19,       35.31,    61.63
2026-05-28 20:00:00,   7483.09,       35.06,    67.9
2026-05-28 21:00:00,   7123.83,       34.0 ,    69.81
2026-05-28 22:00:00,   6754.95,       32.04,    68.59
2026-05-28 23:00:00,   6225.58,       31.14,    75.26
2026-05-29 00:00:00,   5379.57,       31.61,    71.04
2026-05-29 01:00:00,   5555.83,       33.21,    63.88
2026-05-29 02:00:00,   5161.49,       30.0 ,    69.1
2026-05-29 03:00:00,   5119.19,       30.12,    63.38
2026-05-29 04:00:00,   5702.76,       32.72,    67.51
2026-05-29 05:00:00,   5700.06,       33.41,    72.99
2026-05-29 06:00:00,   6497.3 ,       34.52,    69.86
2026-05-29 07:00:00,   6969.12,       35.64,    72.43
2026-05-29 08:00:00,   7264.58,       36.12,    63.48
2026-05-29 09:00:00,   7541.32,       39.14,    69.01
2026-05-29 10:00:00,   7328.18,       36.26,    63.9
2026-05-29 11:00:00,   7266.44,       37.82,    70.82
2026-05-29 12:00:00,   6931.87,       39.09,    62.21
2026-05-29 13:00:00,   6968.82,       37.38,    67.4
2026-05-29 14:00:00,   7118.93,       39.0 ,    69.78
2026-05-29 15:00:00,   7592.12,       40.81,    59.81
2026-05-29 16:00:00,   7540.74,       38.2 ,    64.21
2026-05-29 17:00:00,   7609.12,       37.62,    70.08
2026-05-29 18:00:00,   7631.27,       34.87,    65.45
2026-05-29 19:00:00,   7445.04,       34.61,    59.75
2026-05-29 20:00:00,   7385.3 ,       33.86,    77.74
2026-05-29 21:00:00,   7122.75,       32.97,    65.48
2026-05-29 22:00:00,   6915.46,       34.06,    67.64
2026-05-29 23:00:00,   6617.97,       32.55,    73.98
2026-05-30 00:00:00,   4722.73,       30.21,    67.27
2026-05-30 01:00:00,   4923.06,       31.7 ,    63.93
2026-05-30 02:00:00,   4871.32,       32.14,    69.84
2026-05-30 03:00:00,   5207.98,       33.31,    58.56
2026-05-30 04:00:00,   5388.44,       34.47,    65.03
2026-05-30 05:00:00,   5291.35,       32.19,    69.76
2026-05-30 06:00:00,   6229.18,       33.4 ,    66.09
2026-05-30 07:00:00,   6351.39,       33.9 ,    59.28
2026-05-30 08:00:00,   6693.81,       36.16,    72.93
2026-05-30 09:00:00,   7178.92,       37.96,    63.85
2026-05-30 10:00:00,   7365.93,       39.42,    69.18
2026-05-30 11:00:00,   7082.05,       38.78,    61.3
2026-05-30 12:00:00,   6974.38,       38.88,    58.1
2026-05-30 13:00:00,   6828.37,       39.59,    63.22
2026-05-30 14:00:00,   6679.18,       38.27,    61.98
2026-05-30 15:00:00,   7163.34,       41.38,    54.37
2026-05-30 16:00:00,   6848.68,       36.3 ,    72.18
2026-05-30 17:00:00,   7232.12,       37.63,    60.53
2026-05-30 18:00:00,   7591.57,       38.87,    53.32
2026-05-30 19:00:00,   7203.17,       35.41,    72.27
2026-05-30 20:00:00,   6983.42,       34.14,    64.25
2026-05-30 21:00:00,   6589.7 ,       32.98,    64.78
2026-05-30 22:00:00,   6492.06,       32.36,    59.55
2026-05-30 23:00:00,   6313.54,       33.59,    75.98
2026-05-31 00:00:00,   4626.75,       28.94,    65.01
2026-05-31 01:00:00,   5081.45,       33.3 ,    67.82
2026-05-31 02:00:00,   4604.25,       29.89,    75.17
2026-05-31 03:00:00,   5145.44,       31.67,    71.1
2026-05-31 04:00:00,   5138.61,       32.12,    68.3
2026-05-31 05:00:00,   5197.95,       34.16,    58.24
2026-05-31 06:00:00,   6124.51,       32.51,    64.2
2026-05-31 07:00:00,   6755.96,       36.01,    66.03
2026-05-31 08:00:00,   7187.37,       38.92,    58.53
2026-05-31 09:00:00,   7067.35,       35.82,    66.28
2026-05-31 10:00:00,   7155.84,       38.51,    66.25
2026-05-31 11:00:00,   6749.07,       38.13,    68.0
2026-05-31 12:00:00,   7007.51,       39.83,    55.52
2026-05-31 13:00:00,   6876.15,       39.48,    72.95
2026-05-31 14:00:00,   6702.72,       38.55,    66.64
2026-05-31 15:00:00,   7102.01,       39.51,    61.93
2026-05-31 16:00:00,   7158.65,       40.45,    66.54
2026-05-31 17:00:00,   7318.38,       37.23,    75.82
2026-05-31 18:00:00,   7285.7 ,       37.36,    56.68
2026-05-31 19:00:00,   6925.34,       33.91,    65.86
2026-05-31 20:00:00,   6887.49,       33.28,    55.66
2026-05-31 21:00:00,   6866.42,       34.03,    67.84
2026-05-31 22:00:00,   6650.49,       34.41,    68.36
2026-05-31 23:00:00,   6080.82,       32.42,    68.12
2026-06-01 00:00:00,   5222.02,       31.27,    66.08
2026-06-01 01:00:00,   5175.9 ,       31.51,    58.89
2026-06-01 02:00:00,   5123.75,       30.15,    72.24
2026-06-01 03:00:00,   5604.57,       32.77,    75.28
2026-06-01 04:00:00,   5622.05,       33.74,    64.18
2026-06-01 05:00:00,   5707.74,       32.97,    70.03
2026-06-01 06:00:00,   6731.67,       33.91,    59.14
2026-06-01 07:00:00,   6908.08,       35.83,    67.54
2026-06-01 08:00:00,   8052.96,       36.02,    63.11
2026-06-01 09:00:00,   7684.54,       37.43,    60.0
2026-06-01 10:00:00,   7939.83,       40.86,    56.93
2026-06-01 11:00:00,   7139.8 ,       38.68,    60.72
2026-06-01 12:00:00,   7258.86,       38.94,    64.36
2026-06-01 13:00:00,   7112.46,       38.73,    56.08
2026-06-01 14:00:00,   7435.47,       40.27,    59.27
2026-06-01 15:00:00,   7209.08,       38.76,    62.41
2026-06-01 16:00:00,   7266.33,       37.56,    58.2
2026-06-01 17:00:00,   7697.78,       39.1 ,    71.3
2026-06-01 18:00:00,   7784.86,       38.25,    58.81
2026-06-01 19:00:00,   7602.78,       34.79,    62.84
2026-06-01 20:00:00,   6989.99,       32.24,    63.6
2026-06-01 21:00:00,   7178.44,       34.72,    75.24
2026-06-01 22:00:00,   6465.47,       31.86,    71.59
2026-06-01 23:00:00,   6715.07,       33.0 ,    63.12
2026-06-02 00:00:00,   5207.88,       29.33,    76.63
2026-06-02 01:00:00,   5412.47,       32.63,    69.14
2026-06-02 02:00:00,   5131.83,       30.24,    71.57
2026-06-02 03:00:00,   5559.36,       32.97,    66.1
2026-06-02 04:00:00,   5685.72,       32.75,    64.28
2026-06-02 05:00:00,   5592.59,       32.41,    70.02
2026-06-02 06:00:00,   6493.61,       34.04,    64.14
2026-06-02 07:00:00,   6856.15,       36.38,    73.84
2026-06-02 08:00:00,   7135.24,       36.72,    58.1
2026-06-02 09:00:00,   7537.68,       38.26,    70.75
2026-06-02 10:00:00,   7681.34,       40.76,    60.26
2026-06-02 11:00:00,   7185.42,       37.15,    65.56
2026-06-02 12:00:00,   7441.75,       41.36,    64.44
2026-06-02 13:00:00,   7924.06,       39.68,    58.63
2026-06-02 14:00:00,   6969.69,       38.34,    67.31
2026-06-02 15:00:00,   7331.71,       37.43,    50.28
2026-06-02 16:00:00,   7551.26,       38.16,    59.56
2026-06-02 17:00:00,   7940.25,       38.67,    58.08
2026-06-02 18:00:00,   7706.71,       36.44,    58.43
2026-06-02 19:00:00,   7768.63,       37.37,    62.79
2026-06-02 20:00:00,   7361.57,       32.78,    69.92
2026-06-02 21:00:00,   7113.59,       33.55,    70.82
2026-06-02 22:00:00,   6636.12,       31.23,    70.6
2026-06-02 23:00:00,   6538.81,       32.53,    64.89
2026-06-03 00:00:00,   5123.94,       32.81,    69.82
2026-06-03 01:00:00,   5465.96,       31.1 ,    70.13
2026-06-03 02:00:00,   5036.71,       28.62,    76.42
2026-06-03 03:00:00,   5478.77,       32.38,    72.24
2026-06-03 04:00:00,   5573.0 ,       33.3 ,    67.68
2026-06-03 05:00:00,   5769.56,       34.09,    62.33
2026-06-03 06:00:00,   6753.0 ,       36.05,    61.79
2026-06-03 07:00:00,   6882.13,       34.32,    63.86
2026-06-03 08:00:00,   7205.71,       37.46,    62.21
2026-06-03 09:00:00,   7649.59,       39.04,    63.71
2026-06-03 10:00:00,   7297.45,       36.3 ,    68.41
2026-06-03 11:00:00,   7420.27,       39.45,    61.74
2026-06-03 12:00:00,   7257.92,       38.86,    62.6
2026-06-03 13:00:00,   7096.96,       39.51,    62.66
2026-06-03 14:00:00,   7185.32,       39.89,    59.02
2026-06-03 15:00:00,   7304.84,       38.49,    58.24
2026-06-03 16:00:00,   7466.73,       37.62,    54.86
2026-06-03 17:00:00,   7390.6 ,       37.65,    60.14
2026-06-03 18:00:00,   7577.17,       35.34,    68.06
2026-06-03 19:00:00,   7391.88,       34.3 ,    63.11
2026-06-03 20:00:00,   7497.23,       35.39,    64.46
2026-06-03 21:00:00,   6803.93,       32.23,    70.83
2026-06-03 22:00:00,   6794.52,       33.58,    69.88
2026-06-03 23:00:00,   6684.94,       32.7 ,    62.67
2026-06-04 00:00:00,   5115.66,       29.72,    75.74
2026-06-04 01:00:00,   5200.86,       30.84,    75.38
2026-06-04 02:00:00,   5521.14,       33.22,    61.95
2026-06-04 03:00:00,   5338.34,       31.01,    65.47
2026-06-04 04:00:00,   5513.89,       32.26,    74.42
2026-06-04 05:00:00,   5759.64,       34.2 ,    65.98
2026-06-04 06:00:00,   6901.06,       35.55,    54.4
2026-06-04 07:00:00,   7052.99,       35.35,    58.69
2026-06-04 08:00:00,   7238.55,       35.97,    63.88
2026-06-04 09:00:00,   7677.29,       39.36,    56.26
2026-06-04 10:00:00,   7825.83,       40.57,    58.92
2026-06-04 11:00:00,   7587.12,       40.29,    61.4
2026-06-04 12:00:00,   7435.98,       39.62,    69.16
2026-06-04 13:00:00,   7229.6 ,       38.68,    61.24
2026-06-04 14:00:00,   7019.76,       38.52,    68.2
2026-06-04 15:00:00,   7301.9 ,       39.74,    68.88
2026-06-04 16:00:00,   7469.09,       38.98,    69.59
2026-06-04 17:00:00,   7940.01,       39.33,    63.52
2026-06-04 18:00:00,   7585.97,       37.47,    53.96
2026-06-04 19:00:00,   7454.73,       33.85,    69.34
2026-06-04 20:00:00,   7627.9 ,       35.88,    70.45
2026-06-04 21:00:00,   7136.27,       32.45,    67.89
2026-06-04 22:00:00,   6777.49,       32.36,    77.1
2026-06-04 23:00:00,   6387.61,       32.49,    72.56
2026-06-05 00:00:00,   5542.43,       34.22,    69.54
2026-06-05 01:00:00,   5660.3 ,       35.42,    71.05
2026-06-05 02:00:00,   5395.93,       32.56,    69.87
2026-06-05 03:00:00,   5382.54,       32.01,    56.23
2026-06-05 04:00:00,   5474.97,       33.5 ,    64.85
2026-06-05 05:00:00,   6016.35,       34.76,    72.2
2026-06-05 06:00:00,   6461.84,       34.27,    62.62
2026-06-05 07:00:00,   7402.74,       37.85,    62.32
2026-06-05 08:00:00,   7460.28,       37.0 ,    58.97
2026-06-05 09:00:00,   7655.33,       38.29,    71.96
2026-06-05 10:00:00,   7519.14,       39.32,    70.52
2026-06-05 11:00:00,   7520.21,       39.66,    57.39
2026-06-05 12:00:00,   7273.87,       40.56,    61.73
2026-06-05 13:00:00,   7268.41,       38.95,    59.04
2026-06-05 14:00:00,   7182.2 ,       38.89,    65.58
2026-06-05 15:00:00,   7159.38,       37.84,    66.0
2026-06-05 16:00:00,   7419.37,       39.05,    66.42
2026-06-05 17:00:00,   7445.86,       38.63,    64.4
2026-06-05 18:00:00,   7632.71,       37.28,    78.63
2026-06-05 19:00:00,   8008.41,       37.7 ,    58.43
2026-06-05 20:00:00,   7393.71,       34.65,    57.76
2026-06-05 21:00:00,   7226.4 ,       34.49,    64.49
2026-06-05 22:00:00,   6742.55,       31.55,    61.26
2026-06-05 23:00:00,   6683.65,       31.76,    61.45
2026-06-06 00:00:00,   5288.85,       32.7 ,    63.06
2026-06-06 01:00:00,   5019.42,       32.75,    63.41
2026-06-06 02:00:00,   4757.19,       31.51,    64.36
2026-06-06 03:00:00,   5363.23,       32.18,    71.13
2026-06-06 04:00:00,   5251.07,       31.08,    67.0
2026-06-06 05:00:00,   5342.77,       33.3 ,    66.63
2026-06-06 06:00:00,   6302.32,       35.76,    69.78
2026-06-06 07:00:00,   6840.63,       36.42,    60.89
2026-06-06 08:00:00,   7003.58,       37.37,    62.55
2026-06-06 09:00:00,   7128.99,       37.79,    65.32
2026-06-06 10:00:00,   7274.37,       38.57,    53.08
2026-06-06 11:00:00,   7022.96,       38.4 ,    51.01
2026-06-06 12:00:00,   6924.2 ,       40.43,    62.84
2026-06-06 13:00:00,   6929.15,       40.24,    63.75
2026-06-06 14:00:00,   7081.18,       40.18,    71.65
2026-06-06 15:00:00,   7011.92,       38.56,    63.58
2026-06-06 16:00:00,   6883.81,       35.97,    69.22
2026-06-06 17:00:00,   7560.51,       39.05,    61.38
2026-06-06 18:00:00,   7238.57,       36.19,    66.41
2026-06-06 19:00:00,   7190.47,       34.7 ,    74.61
2026-06-06 20:00:00,   6797.17,       35.53,    54.91
2026-06-06 21:00:00,   6699.53,       33.26,    69.63
2026-06-06 22:00:00,   6724.9 ,       34.17,    77.42
2026-06-06 23:00:00,   6224.23,       33.01,    69.2
2026-06-07 00:00:00,   5081.27,       32.72,    76.3
2026-06-07 01:00:00,   4701.24,       30.13,    67.24
2026-06-07 02:00:00,   5336.64,       33.36,    67.32
2026-06-07 03:00:00,   5202.9 ,       32.62,    68.31
2026-06-07 04:00:00,   5252.32,       32.5 ,    57.17
2026-06-07 05:00:00,   5194.15,       33.94,    61.11
2026-06-07 06:00:00,   6060.62,       32.6 ,    62.68
2026-06-07 07:00:00,   6676.53,       36.26,    68.98
2026-06-07 08:00:00,   6771.63,       35.57,    69.85
2026-06-07 09:00:00,   6875.75,       36.14,    66.59
2026-06-07 10:00:00,   6914.35,       36.77,    68.53
2026-06-07 11:00:00,   7349.19,       40.57,    60.17
2026-06-07 12:00:00,   6654.79,       38.88,    68.52
2026-06-07 13:00:00,   7350.72,       41.61,    60.1
2026-06-07 14:00:00,   6920.98,       38.99,    62.7
2026-06-07 15:00:00,   6784.58,       37.18,    62.71
2026-06-07 16:00:00,   7119.57,       37.26,    67.39
2026-06-07 17:00:00,   7303.33,       39.25,    60.07
2026-06-07 18:00:00,   7257.8 ,       36.62,    69.43
2026-06-07 19:00:00,   7208.87,       35.11,    60.24
2026-06-07 20:00:00,   7298.37,       34.92,    60.57
2026-06-07 21:00:00,   6885.7 ,       34.37,    70.0
2026-06-07 22:00:00,   6704.6 ,       34.28,    66.21
2026-06-07 23:00:00,   6329.15,       34.04,    64.59
2026-06-08 00:00:00,   5404.04,       31.51,    73.6
2026-06-08 01:00:00,   5391.87,       30.21,    67.28
2026-06-08 02:00:00,   5460.29,       31.44,    68.2
2026-06-08 03:00:00,   5485.82,       32.65,    75.11
2026-06-08 04:00:00,   5507.38,       31.82,    76.56
2026-06-08 05:00:00,   5670.77,       32.65,    75.98
2026-06-08 06:00:00,   6804.59,       35.18,    64.43
2026-06-08 07:00:00,   7136.38,       35.74,    71.49
2026-06-08 08:00:00,   7449.44,       36.88,    59.57
2026-06-08 09:00:00,   7378.63,       36.89,    59.76
2026-06-08 10:00:00,   7577.59,       38.35,    51.23
2026-06-08 11:00:00,   7266.59,       38.16,    71.52
2026-06-08 12:00:00,   7351.01,       40.73,    56.52
2026-06-08 13:00:00,   7391.97,       41.04,    59.93
2026-06-08 14:00:00,   7023.72,       37.45,    59.24
2026-06-08 15:00:00,   7060.93,       38.15,    66.64
2026-06-08 16:00:00,   7417.92,       36.83,    62.47
2026-06-08 17:00:00,   7232.55,       37.02,    57.66
2026-06-08 18:00:00,   8032.42,       36.74,    66.65
2026-06-08 19:00:00,   7632.47,       34.06,    59.68
2026-06-08 20:00:00,   7306.04,       33.66,    63.02
2026-06-08 21:00:00,   7034.23,       32.6 ,    57.63
2026-06-08 22:00:00,   6914.54,       33.22,    60.48
2026-06-08 23:00:00,   6489.25,       32.42,    69.21
2026-06-09 00:00:00,   5324.82,       31.1 ,    59.69
2026-06-09 01:00:00,   5397.95,       32.04,    61.25
2026-06-09 02:00:00,   5318.54,       31.31,    69.31
2026-06-09 03:00:00,   5448.98,       32.04,    65.94
2026-06-09 04:00:00,   5656.66,       35.01,    75.95
2026-06-09 05:00:00,   5945.28,       35.44,    74.77
2026-06-09 06:00:00,   6534.98,       33.24,    63.25
2026-06-09 07:00:00,   7153.1 ,       36.83,    67.14
2026-06-09 08:00:00,   7411.33,       37.84,    67.19
2026-06-09 09:00:00,   7482.51,       36.45,    61.7
2026-06-09 10:00:00,   7617.42,       39.64,    54.34
2026-06-09 11:00:00,   7702.6 ,       41.14,    60.41
2026-06-09 12:00:00,   7335.83,       38.35,    62.12
2026-06-09 13:00:00,   7141.8 ,       38.73,    60.46
2026-06-09 14:00:00,   7479.21,       40.92,    62.89
2026-06-09 15:00:00,   7429.9 ,       39.62,    58.09
2026-06-09 16:00:00,   7766.29,       39.32,    56.35
2026-06-09 17:00:00,   7684.56,       38.24,    63.63
2026-06-09 18:00:00,   7937.13,       37.34,    65.83
2026-06-09 19:00:00,   7465.76,       34.24,    60.8
2026-06-09 20:00:00,   7525.99,       36.05,    69.69
2026-06-09 21:00:00,   7435.82,       35.24,    56.94
2026-06-09 22:00:00,   6786.95,       32.73,    65.15
2026-06-09 23:00:00,   6626.37,       32.32,    67.13
2026-06-10 00:00:00,   4865.39,       30.16,    67.18
2026-06-10 01:00:00,   5472.21,       32.48,    65.45
2026-06-10 02:00:00,   5443.56,       32.68,    77.44
2026-06-10 03:00:00,   5337.54,       32.32,    64.16
2026-06-10 04:00:00,   5676.59,       34.38,    78.76
2026-06-10 05:00:00,   5638.32,       33.46,    69.57
2026-06-10 06:00:00,   6785.82,       35.5 ,    66.01
2026-06-10 07:00:00,   6715.01,       34.64,    68.71
2026-06-10 08:00:00,   7362.71,       36.87,    76.97
2026-06-10 09:00:00,   7657.92,       37.65,    58.65
2026-06-10 10:00:00,   7615.88,       38.96,    56.83
2026-06-10 11:00:00,   7505.49,       38.88,    58.73
2026-06-10 12:00:00,   7461.98,       39.57,    62.05
2026-06-10 13:00:00,   7558.54,       40.85,    52.1
2026-06-10 14:00:00,   7476.22,       39.2 ,    62.33
2026-06-10 15:00:00,   7118.89,       37.4 ,    72.31
2026-06-10 16:00:00,   7711.88,       40.79,    61.55
2026-06-10 17:00:00,   7967.16,       39.52,    60.47
2026-06-10 18:00:00,   7633.54,       35.34,    62.6
2026-06-10 19:00:00,   7869.37,       36.69,    68.97
2026-06-10 20:00:00,   7640.37,       34.22,    62.57
2026-06-10 21:00:00,   7232.95,       34.18,    75.97
2026-06-10 22:00:00,   6957.82,       33.38,    77.12
2026-06-10 23:00:00,   6414.53,       32.11,    69.88
2026-06-11 00:00:00,   5564.1 ,       31.08,    69.47
2026-06-11 01:00:00,   5265.03,       31.06,    74.7
2026-06-11 02:00:00,   5254.75,       30.92,    75.14
2026-06-11 03:00:00,   5320.02,       31.42,    65.19
2026-06-11 04:00:00,   5501.34,       32.98,    65.19
2026-06-11 05:00:00,   5572.0 ,       33.03,    61.16
2026-06-11 06:00:00,   6752.97,       35.67,    67.44
2026-06-11 07:00:00,   7083.51,       37.67,    66.93
2026-06-11 08:00:00,   7157.71,       36.23,    58.15
2026-06-11 09:00:00,   7794.76,       38.17,    60.87
2026-06-11 10:00:00,   7717.28,       39.31,    55.38
2026-06-11 11:00:00,   7648.03,       39.92,    57.08
2026-06-11 12:00:00,   7509.09,       39.84,    64.4
2026-06-11 13:00:00,   7625.57,       40.78,    57.13
2026-06-11 14:00:00,   7178.9 ,       40.33,    59.7
2026-06-11 15:00:00,   7091.65,       37.87,    55.28
2026-06-11 16:00:00,   7582.19,       39.76,    62.65
2026-06-11 17:00:00,   7752.94,       38.95,    62.22
2026-06-11 18:00:00,   7595.98,       36.01,    61.45
2026-06-11 19:00:00,   7636.12,       35.93,    64.22
2026-06-11 20:00:00,   7618.12,       35.67,    66.3
2026-06-11 21:00:00,   7175.06,       33.63,    63.15
2026-06-11 22:00:00,   6939.4 ,       34.35,    59.21
2026-06-11 23:00:00,   6652.59,       35.26,    74.8
2026-06-12 00:00:00,   5195.28,       31.1 ,    66.34
2026-06-12 01:00:00,   5146.95,       30.25,    69.79
2026-06-12 02:00:00,   5444.64,       32.41,    73.38
2026-06-12 03:00:00,   5456.63,       33.31,    85.17
2026-06-12 04:00:00,   5503.13,       32.8 ,    61.75
2026-06-12 05:00:00,   5843.03,       35.65,    67.66
2026-06-12 06:00:00,   6516.61,       33.27,    64.02
2026-06-12 07:00:00,   7011.13,       36.74,    61.74
2026-06-12 08:00:00,   7153.24,       36.22,    61.3
2026-06-12 09:00:00,   7623.83,       39.97,    55.9
2026-06-12 10:00:00,   7832.42,       41.13,    60.28
2026-06-12 11:00:00,   7261.45,       38.45,    55.52
2026-06-12 12:00:00,   7393.45,       39.11,    67.03
2026-06-12 13:00:00,   7477.89,       40.94,    60.93
2026-06-12 14:00:00,   7264.77,       39.31,    64.23
2026-06-12 15:00:00,   7322.1 ,       39.32,    59.78
2026-06-12 16:00:00,   7609.68,       38.77,    60.77
2026-06-12 17:00:00,   7494.86,       35.61,    66.89
2026-06-12 18:00:00,   7763.96,       36.93,    58.44
2026-06-12 19:00:00,   7784.29,       35.08,    64.14
2026-06-12 20:00:00,   7484.43,       34.28,    62.35
2026-06-12 21:00:00,   7525.36,       35.64,    60.97
2026-06-12 22:00:00,   6713.6 ,       31.57,    58.53
2026-06-12 23:00:00,   6778.32,       33.42,    74.12
2026-06-13 00:00:00,   4948.25,       31.73,    65.51
2026-06-13 01:00:00,   4972.87,       31.59,    74.88
2026-06-13 02:00:00,   5242.71,       33.01,    73.13
2026-06-13 03:00:00,   5234.74,       32.87,    61.48
2026-06-13 04:00:00,   5394.79,       33.79,    61.65
2026-06-13 05:00:00,   5697.37,       35.09,    78.72
2026-06-13 06:00:00,   6162.2 ,       34.5 ,    75.21
2026-06-13 07:00:00,   6491.46,       35.2 ,    65.67
2026-06-13 08:00:00,   6870.07,       35.66,    66.69
2026-06-13 09:00:00,   6983.93,       36.94,    61.1
2026-06-13 10:00:00,   8050.35,       42.3 ,    61.59
2026-06-13 11:00:00,   7373.38,       40.89,    57.12
2026-06-13 12:00:00,   6816.24,       38.17,    52.98
2026-06-13 13:00:00,   6709.55,       38.34,    56.38
2026-06-13 14:00:00,   6997.1 ,       40.37,    61.27
2026-06-13 15:00:00,   7163.19,       40.05,    55.8
2026-06-13 16:00:00,   7309.26,       39.42,    61.69
2026-06-13 17:00:00,   7253.33,       37.62,    58.27
2026-06-13 18:00:00,   7354.42,       36.81,    60.45
2026-06-13 19:00:00,   7556.13,       36.32,    69.07
2026-06-13 20:00:00,   7335.22,       35.0 ,    67.24
2026-06-13 21:00:00,   6574.94,       31.27,    69.31
2026-06-13 22:00:00,   6340.9 ,       32.83,    72.35
2026-06-13 23:00:00,   6178.58,       31.44,    71.6
2026-06-14 00:00:00,   5301.76,       32.29,    75.67
2026-06-14 01:00:00,   5668.39,       35.53,    63.22
2026-06-14 02:00:00,   5234.0 ,       32.53,    66.08
2026-06-14 03:00:00,   5276.24,       32.11,    62.1
2026-06-14 04:00:00,   5396.83,       34.23,    64.55
2026-06-14 05:00:00,   5576.76,       34.53,    71.25
2026-06-14 06:00:00,   6365.68,       35.42,    72.12
2026-06-14 07:00:00,   6824.99,       36.68,    69.29
2026-06-14 08:00:00,   7460.45,       39.45,    53.02
2026-06-14 09:00:00,   6962.12,       36.59,    69.98
2026-06-14 10:00:00,   7191.16,       39.34,    52.9
2026-06-14 11:00:00,   7016.54,       38.3 ,    67.52
2026-06-14 12:00:00,   7078.97,       40.48,    59.23
2026-06-14 13:00:00,   6913.43,       38.85,    66.05
2026-06-14 14:00:00,   6876.82,       39.31,    55.46
2026-06-14 15:00:00,   7250.47,       39.06,    68.2
2026-06-14 16:00:00,   7208.52,       39.95,    54.22
2026-06-14 17:00:00,   7633.53,       39.05,    59.01
2026-06-14 18:00:00,   7140.08,       35.49,    60.57
2026-06-14 19:00:00,   7145.97,       36.01,    56.32
2026-06-14 20:00:00,   7089.06,       34.06,    67.32
2026-06-14 21:00:00,   6658.47,       32.44,    77.34
2026-06-14 22:00:00,   6376.52,       32.86,    81.26
2026-06-14 23:00:00,   5996.36,       32.11,    69.08
2026-06-15 00:00:00,   5793.99,       35.01,    71.57
2026-06-15 01:00:00,   5609.12,       32.48,    69.43
2026-06-15 02:00:00,   5320.3 ,       30.45,    72.59
2026-06-15 03:00:00,   5431.71,       31.82,    67.15
2026-06-15 04:00:00,   5817.75,       34.36,    67.55
2026-06-15 05:00:00,   6084.88,       36.47,    67.36
2026-06-15 06:00:00,   6342.46,       33.02,    64.89
2026-06-15 07:00:00,   6616.85,       33.71,    66.78
2026-06-15 08:00:00,   7605.33,       39.24,    61.89
2026-06-15 09:00:00,   7588.05,       38.43,    67.04
2026-06-15 10:00:00,   7558.94,       37.75,    58.2
2026-06-15 11:00:00,   7661.63,       40.07,    61.18
2026-06-15 12:00:00,   7074.78,       36.66,    74.06
2026-06-15 13:00:00,   7290.2 ,       39.97,    67.35
2026-06-15 14:00:00,   7228.37,       40.22,    68.05
2026-06-15 15:00:00,   7624.82,       40.54,    61.14
2026-06-15 16:00:00,   7495.32,       37.58,    65.29
2026-06-15 17:00:00,   7432.07,       38.07,    68.25
2026-06-15 18:00:00,   7533.39,       35.89,    73.0
2026-06-15 19:00:00,   7662.96,       36.27,    55.1
2026-06-15 20:00:00,   7403.49,       33.85,    60.45
2026-06-15 21:00:00,   7070.61,       33.47,    73.92
2026-06-15 22:00:00,   6748.48,       31.94,    67.37
2026-06-15 23:00:00,   6666.57,       33.28,    64.19
2026-06-16 00:00:00,   5555.14,       33.14,    61.4
2026-06-16 01:00:00,   5314.99,       31.69,    66.2
2026-06-16 02:00:00,   5382.38,       32.16,    61.55
2026-06-16 03:00:00,   5173.07,       30.77,    80.26
2026-06-16 04:00:00,   5620.74,       32.79,    67.88
2026-06-16 05:00:00,   5853.79,       33.92,    66.69
2026-06-16 06:00:00,   7032.41,       38.09,    66.16
2026-06-16 07:00:00,   7085.49,       34.64,    71.13
2026-06-16 08:00:00,   7538.46,       38.77,    67.34
2026-06-16 09:00:00,   7883.47,       39.17,    67.61
2026-06-16 10:00:00,   7550.29,       39.14,    59.12
2026-06-16 11:00:00,   7508.89,       41.55,    58.62
2026-06-16 12:00:00,   7488.63,       40.29,    65.09
2026-06-16 13:00:00,   7414.29,       40.44,    58.46
2026-06-16 14:00:00,   7348.39,       39.78,    61.68
2026-06-16 15:00:00,   7546.48,       40.91,    62.68
2026-06-16 16:00:00,   7737.11,       40.12,    65.32
2026-06-16 17:00:00,   7559.98,       37.23,    55.11
2026-06-16 18:00:00,   7545.6 ,       35.43,    69.19
2026-06-16 19:00:00,   7785.95,       35.73,    64.17
2026-06-16 20:00:00,   7430.2 ,       33.98,    70.45
2026-06-16 21:00:00,   7294.9 ,       33.9 ,    70.87
2026-06-16 22:00:00,   7051.89,       34.63,    74.37
2026-06-16 23:00:00,   6496.26,       31.96,    75.5
2026-06-17 00:00:00,   5310.65,       32.07,    75.37
2026-06-17 01:00:00,   5403.32,       32.06,    75.87
2026-06-17 02:00:00,   5181.82,       33.14,    69.13
2026-06-17 03:00:00,   5121.55,       29.83,    70.82
2026-06-17 04:00:00,   5525.72,       32.43,    72.68
2026-06-17 05:00:00,   5895.18,       34.24,    70.34
2026-06-17 06:00:00,   6892.68,       36.39,    63.2
2026-06-17 07:00:00,   7038.64,       35.4 ,    67.67
2026-06-17 08:00:00,   6838.19,       34.77,    66.03
2026-06-17 09:00:00,   7643.34,       38.73,    58.37
2026-06-17 10:00:00,   7298.52,       38.05,    69.71
2026-06-17 11:00:00,   7187.15,       38.02,    63.56
2026-06-17 12:00:00,   7279.04,       39.1 ,    72.55
2026-06-17 13:00:00,   7459.62,       39.76,    53.58
2026-06-17 14:00:00,   7314.0 ,       39.12,    59.5
2026-06-17 15:00:00,   7136.56,       36.8 ,    64.54
2026-06-17 16:00:00,   7714.83,       39.89,    67.29
2026-06-17 17:00:00,   7813.99,       39.52,    63.93
2026-06-17 18:00:00,   7805.01,       37.8 ,    65.03
2026-06-17 19:00:00,   7606.26,       34.62,    60.71
2026-06-17 20:00:00,   7332.66,       34.71,    60.48
2026-06-17 21:00:00,   7305.7 ,       33.98,    68.53
2026-06-17 22:00:00,   6945.75,       33.88,    60.19
2026-06-17 23:00:00,   6803.08,       33.32,    64.85
2026-06-18 00:00:00,   5469.01,       31.25,    71.88
2026-06-18 01:00:00,   5254.57,       32.09,    63.71
2026-06-18 02:00:00,   5458.4 ,       32.68,    76.12
2026-06-18 03:00:00,   5627.06,       34.28,    72.77
2026-06-18 04:00:00,   5511.0 ,       34.01,    59.03
2026-06-18 05:00:00,   5791.0 ,       34.94,    61.39
2026-06-18 06:00:00,   7061.29,       35.06,    54.52
2026-06-18 07:00:00,   7348.17,       37.69,    59.67
2026-06-18 08:00:00,   7663.23,       37.52,    67.56
2026-06-18 09:00:00,   7540.58,       36.96,    62.17
2026-06-18 10:00:00,   7708.79,       40.51,    63.35
2026-06-18 11:00:00,   7562.31,       40.29,    53.62
2026-06-18 12:00:00,   7402.38,       39.33,    66.1
2026-06-18 13:00:00,   7320.66,       39.42,    59.25
2026-06-18 14:00:00,   7334.13,       40.21,    61.37
2026-06-18 15:00:00,   7341.64,       40.01,    61.02
2026-06-18 16:00:00,   8015.1 ,       39.06,    55.99
2026-06-18 17:00:00,   7748.1 ,       38.37,    57.2
2026-06-18 18:00:00,   7986.34,       39.07,    67.18
2026-06-18 19:00:00,   7890.87,       37.28,    65.94
2026-06-18 20:00:00,   7530.41,       35.19,    71.08
2026-06-18 21:00:00,   7389.92,       35.12,    67.51
2026-06-18 22:00:00,   6916.06,       31.93,    69.48
2026-06-18 23:00:00,   6654.29,       33.01,    59.16
2026-06-19 00:00:00,   5584.13,       34.31,    65.27
2026-06-19 01:00:00,   5396.44,       31.74,    68.8
2026-06-19 02:00:00,   5288.26,       31.12,    79.26
2026-06-19 03:00:00,   5600.76,       31.75,    72.36
2026-06-19 04:00:00,   5614.41,       31.86,    76.5
2026-06-19 05:00:00,   5704.88,       33.06,    70.74
2026-06-19 06:00:00,   6553.18,       34.52,    62.88
2026-06-19 07:00:00,   6726.12,       34.31,    67.21
2026-06-19 08:00:00,   7381.92,       37.05,    65.33
2026-06-19 09:00:00,   7739.08,       39.08,    57.63
2026-06-19 10:00:00,   7423.76,       37.74,    61.61
2026-06-19 11:00:00,   7672.49,       41.29,    59.31
2026-06-19 12:00:00,   7401.69,       40.47,    69.1
2026-06-19 13:00:00,   7486.51,       41.23,    49.99
2026-06-19 14:00:00,   6983.75,       39.07,    68.36
2026-06-19 15:00:00,   7450.74,       40.49,    56.38
2026-06-19 16:00:00,   7363.38,       37.52,    56.88
2026-06-19 17:00:00,   7997.02,       39.07,    68.24
2026-06-19 18:00:00,   7711.43,       37.24,    67.64
2026-06-19 19:00:00,   7828.0 ,       36.66,    70.78
2026-06-19 20:00:00,   7393.69,       33.55,    71.31
2026-06-19 21:00:00,   7270.21,       32.92,    78.17
2026-06-19 22:00:00,   7151.53,       33.89,    69.8
2026-06-19 23:00:00,   6472.18,       31.4 ,    68.46
2026-06-20 00:00:00,   5126.0 ,       32.69,    69.79
2026-06-20 01:00:00,   4823.96,       30.36,    76.39
2026-06-20 02:00:00,   5212.51,       33.15,    63.76
2026-06-20 03:00:00,   4947.48,       31.06,    66.29
2026-06-20 04:00:00,   5430.0 ,       33.83,    65.5
2026-06-20 05:00:00,   5598.76,       34.75,    55.7
2026-06-20 06:00:00,   6383.91,       34.13,    67.47
2026-06-20 07:00:00,   6963.81,       36.7 ,    55.04
2026-06-20 08:00:00,   7292.16,       37.35,    64.15
2026-06-20 09:00:00,   7159.41,       37.35,    68.21
2026-06-20 10:00:00,   7239.38,       37.62,    61.26
2026-06-20 11:00:00,   6839.77,       37.11,    72.49
2026-06-20 12:00:00,   7245.08,       40.28,    53.94
2026-06-20 13:00:00,   6896.22,       38.12,    69.15
2026-06-20 14:00:00,   7152.4 ,       39.98,    64.9
2026-06-20 15:00:00,   7086.45,       39.15,    53.69
2026-06-20 16:00:00,   7266.71,       39.64,    75.37
2026-06-20 17:00:00,   7166.33,       37.64,    63.31
2026-06-20 18:00:00,   7385.35,       36.64,    60.14
2026-06-20 19:00:00,   7669.28,       36.88,    57.27
2026-06-20 20:00:00,   7200.11,       35.37,    64.57
2026-06-20 21:00:00,   7722.66,       34.38,    65.92
2026-06-20 22:00:00,   6736.12,       33.73,    67.65
2026-06-20 23:00:00,   6013.73,       30.69,    68.39
2026-06-21 00:00:00,   5386.09,       33.04,    70.93
2026-06-21 01:00:00,   4842.44,       32.73,    66.1
2026-06-21 02:00:00,   4828.96,       30.92,    60.0
2026-06-21 03:00:00,   5034.81,       32.24,    67.74
2026-06-21 04:00:00,   5182.8 ,       33.12,    55.85
2026-06-21 05:00:00,   5482.01,       33.84,    68.81
2026-06-21 06:00:00,   6498.9 ,       35.36,    60.78
2026-06-21 07:00:00,   6985.07,       37.72,    64.37
2026-06-21 08:00:00,   7261.2 ,       38.33,    69.57
2026-06-21 09:00:00,   6921.86,       36.42,    59.97
2026-06-21 10:00:00,   7198.87,       39.57,    67.19
2026-06-21 11:00:00,   7406.3 ,       41.06,    58.38
2026-06-21 12:00:00,   7035.39,       40.33,    69.97
2026-06-21 13:00:00,   6965.6 ,       41.31,    58.5
2026-06-21 14:00:00,   7426.78,       42.28,    55.25
2026-06-21 15:00:00,   7430.72,       40.69,    64.31
2026-06-21 16:00:00,   7474.66,       39.13,    60.11
2026-06-21 17:00:00,   7552.89,       39.25,    57.96
2026-06-21 18:00:00,   7536.36,       37.21,    61.62
2026-06-21 19:00:00,   7550.54,       36.03,    64.85
2026-06-21 20:00:00,   7064.26,       34.54,    73.12
2026-06-21 21:00:00,   7257.8 ,       35.88,    55.54
2026-06-21 22:00:00,   7074.5 ,       32.19,    68.65
2026-06-21 23:00:00,   6601.99,       34.37,    69.69
2026-06-22 00:00:00,   5565.79,       32.73,    69.01
2026-06-22 01:00:00,   5409.66,       30.32,    76.76
2026-06-22 02:00:00,   5554.18,       32.57,    67.81
2026-06-22 03:00:00,   5051.69,       30.01,    69.57
2026-06-22 04:00:00,   5903.46,       33.92,    69.94
2026-06-22 05:00:00,   5827.12,       35.06,    66.44
2026-06-22 06:00:00,   6833.42,       34.25,    64.72
2026-06-22 07:00:00,   7090.96,       36.14,    67.55
2026-06-22 08:00:00,   7808.75,       39.38,    58.8
2026-06-22 09:00:00,   7640.51,       37.39,    60.79
2026-06-22 10:00:00,   7506.93,       37.55,    61.06
2026-06-22 11:00:00,   7794.09,       41.24,    67.15
2026-06-22 12:00:00,   7740.97,       42.21,    43.4
2026-06-22 13:00:00,   7108.16,       40.0 ,    63.48
2026-06-22 14:00:00,   7532.63,       41.07,    60.71
2026-06-22 15:00:00,   7527.46,       41.07,    52.13
2026-06-22 16:00:00,   7517.86,       37.93,    64.91
2026-06-22 17:00:00,   7525.25,       37.41,    66.21
2026-06-22 18:00:00,   7827.76,       38.51,    65.79
2026-06-22 19:00:00,   8170.28,       38.02,    50.02
2026-06-22 20:00:00,   7753.55,       35.64,    72.26
2026-06-22 21:00:00,   7124.53,       32.94,    64.17
2026-06-22 22:00:00,   7230.7 ,       35.55,    68.94
2026-06-22 23:00:00,   6517.8 ,       31.89,    72.5
2026-06-23 00:00:00,   5493.47,       31.72,    64.56
2026-06-23 01:00:00,   5425.65,       32.4 ,    71.64
2026-06-23 02:00:00,   5819.34,       33.99,    64.98
2026-06-23 03:00:00,   5626.64,       33.55,    56.95
2026-06-23 04:00:00,   5650.38,       33.66,    73.05
2026-06-23 05:00:00,   5884.54,       34.55,    62.53
2026-06-23 06:00:00,   6705.55,       35.01,    61.72
2026-06-23 07:00:00,   7205.68,       36.66,    62.49
2026-06-23 08:00:00,   6959.36,       33.99,    68.27
2026-06-23 09:00:00,   7592.54,       37.63,    63.34
2026-06-23 10:00:00,   7790.34,       39.11,    65.04
2026-06-23 11:00:00,   7269.51,       38.07,    56.54
2026-06-23 12:00:00,   7449.48,       40.32,    57.5
2026-06-23 13:00:00,   7377.07,       39.74,    61.15
2026-06-23 14:00:00,   7575.13,       41.96,    69.23
2026-06-23 15:00:00,   7752.32,       41.34,    59.72
2026-06-23 16:00:00,   7605.68,       38.26,    68.49
2026-06-23 17:00:00,   7842.43,       37.81,    63.66
2026-06-23 18:00:00,   7711.21,       36.94,    61.84
2026-06-23 19:00:00,   7558.75,       35.45,    64.36
2026-06-23 20:00:00,   7537.2 ,       35.19,    64.99
2026-06-23 21:00:00,   7028.27,       33.08,    70.75
2026-06-23 22:00:00,   6829.19,       31.8 ,    75.75
2026-06-23 23:00:00,   6576.14,       33.27,    69.35
2026-06-24 00:00:00,   5845.37,       32.87,    73.85
2026-06-24 01:00:00,   5498.58,       31.02,    64.76
2026-06-24 02:00:00,   5608.14,       33.19,    65.55
2026-06-24 03:00:00,   5548.58,       31.76,    65.3
2026-06-24 04:00:00,   5482.47,       33.46,    68.96
2026-06-24 05:00:00,   6237.56,       34.97,    64.24
2026-06-24 06:00:00,   6695.96,       34.91,    69.73
2026-06-24 07:00:00,   7138.3 ,       36.53,    59.97
2026-06-24 08:00:00,   7092.43,       36.4 ,    64.96
2026-06-24 09:00:00,   7610.5 ,       37.75,    66.96
2026-06-24 10:00:00,   7448.67,       38.56,    52.47
2026-06-24 11:00:00,   7427.67,       38.55,    73.41
2026-06-24 12:00:00,   7320.15,       39.63,    60.41
2026-06-24 13:00:00,   7000.23,       38.12,    53.06
2026-06-24 14:00:00,   7208.81,       39.26,    62.96
2026-06-24 15:00:00,   7457.57,       39.1 ,    62.47
2026-06-24 16:00:00,   7416.84,       38.5 ,    62.44
2026-06-24 17:00:00,   7610.93,       37.69,    68.53
2026-06-24 18:00:00,   7866.69,       36.94,    67.99
2026-06-24 19:00:00,   8119.66,       36.56,    66.09
2026-06-24 20:00:00,   7730.68,       36.0 ,    67.35
2026-06-24 21:00:00,   7051.36,       33.2 ,    67.1
2026-06-24 22:00:00,   6708.35,       31.71,    77.84
2026-06-24 23:00:00,   6481.03,       31.27,    61.96
2026-06-25 00:00:00,   5363.62,       31.52,    69.83
2026-06-25 01:00:00,   5517.52,       31.55,    69.43
2026-06-25 02:00:00,   5393.86,       31.18,    73.5
2026-06-25 03:00:00,   5458.69,       30.95,    65.43
2026-06-25 04:00:00,   5539.96,       32.59,    59.45
2026-06-25 05:00:00,   6002.76,       34.19,    67.52
2026-06-25 06:00:00,   6838.28,       35.65,    66.82
2026-06-25 07:00:00,   6891.41,       35.3 ,    73.18
2026-06-25 08:00:00,   7592.26,       36.51,    58.29
2026-06-25 09:00:00,   7228.94,       36.86,    70.1
2026-06-25 10:00:00,   7518.85,       38.76,    74.45
2026-06-25 11:00:00,   7326.51,       38.42,    61.04
2026-06-25 12:00:00,   7795.4 ,       40.52,    54.58
2026-06-25 13:00:00,   7313.17,       37.83,    61.42
2026-06-25 14:00:00,   7504.49,       39.4 ,    62.11
2026-06-25 15:00:00,   7476.12,       39.8 ,    64.5
2026-06-25 16:00:00,   7926.07,       39.02,    59.43
2026-06-25 17:00:00,   8168.51,       41.2 ,    68.19
2026-06-25 18:00:00,   7964.58,       37.42,    58.24
2026-06-25 19:00:00,   7616.25,       34.77,    57.52
2026-06-25 20:00:00,   7528.7 ,       34.82,    71.7
2026-06-25 21:00:00,   6969.95,       31.84,    57.47
2026-06-25 22:00:00,   6889.85,       33.04,    66.74
2026-06-25 23:00:00,   6581.3 ,       31.51,    84.73
2026-06-26 00:00:00,   5652.07,       33.19,    67.57
2026-06-26 01:00:00,   5377.41,       31.3 ,    63.73
2026-06-26 02:00:00,   5643.45,       31.95,    68.46
2026-06-26 03:00:00,   5089.34,       31.73,    68.69
2026-06-26 04:00:00,   5955.44,       35.21,    66.61
2026-06-26 05:00:00,   5857.93,       33.57,    70.6
2026-06-26 06:00:00,   7174.58,       37.12,    58.9
2026-06-26 07:00:00,   7198.16,       36.93,    72.7
2026-06-26 08:00:00,   7485.31,       37.57,    64.91
2026-06-26 09:00:00,   7753.28,       38.4 ,    66.58
2026-06-26 10:00:00,   7848.15,       39.26,    59.03
2026-06-26 11:00:00,   7210.76,       37.11,    70.54
2026-06-26 12:00:00,   7404.23,       39.48,    60.68
2026-06-26 13:00:00,   7677.13,       40.97,    62.01
2026-06-26 14:00:00,   7115.56,       39.76,    57.05
2026-06-26 15:00:00,   7187.78,       37.73,    58.55
2026-06-26 16:00:00,   7777.3 ,       38.72,    66.09
2026-06-26 17:00:00,   8113.49,       40.0 ,    59.28
2026-06-26 18:00:00,   8039.67,       38.49,    58.59
2026-06-26 19:00:00,   7677.0 ,       35.88,    61.99
2026-06-26 20:00:00,   7580.06,       36.06,    68.54
2026-06-26 21:00:00,   7132.7 ,       33.52,    64.19
2026-06-26 22:00:00,   6867.5 ,       31.08,    68.94
2026-06-26 23:00:00,   6420.18,       31.38,    69.33
2026-06-27 00:00:00,   5363.44,       33.95,    57.36
2026-06-27 01:00:00,   4980.44,       31.61,    61.69
2026-06-27 02:00:00,   5195.23,       31.78,    70.58
2026-06-27 03:00:00,   5079.07,       32.12,    64.91
2026-06-27 04:00:00,   5556.37,       35.4 ,    70.93
2026-06-27 05:00:00,   5500.21,       35.89,    70.03
2026-06-27 06:00:00,   6548.98,       37.57,    67.29
2026-06-27 07:00:00,   6716.75,       35.75,    74.43
2026-06-27 08:00:00,   6924.51,       37.33,    63.49
2026-06-27 09:00:00,   7266.1 ,       36.12,    68.24
2026-06-27 10:00:00,   7227.82,       40.54,    58.09
2026-06-27 11:00:00,   6910.25,       38.0 ,    75.56
2026-06-27 12:00:00,   7095.6 ,       40.06,    71.36
2026-06-27 13:00:00,   6802.19,       38.62,    62.8
2026-06-27 14:00:00,   6810.21,       39.1 ,    64.25
2026-06-27 15:00:00,   6887.43,       38.4 ,    69.74
2026-06-27 16:00:00,   7052.55,       38.04,    62.53
2026-06-27 17:00:00,   7274.98,       37.29,    60.65
2026-06-27 18:00:00,   7602.72,       36.32,    69.18
2026-06-27 19:00:00,   7519.13,       36.94,    64.65
2026-06-27 20:00:00,   7181.74,       33.58,    68.19
2026-06-27 21:00:00,   6999.04,       34.2 ,    62.55
2026-06-27 22:00:00,   6886.17,       34.57,    57.8
2026-06-27 23:00:00,   5868.85,       31.86,    70.01
2026-06-28 00:00:00,   4985.85,       31.19,    73.95
2026-06-28 01:00:00,   5233.56,       31.64,    67.89
2026-06-28 02:00:00,   5229.98,       33.47,    74.56
2026-06-28 03:00:00,   5425.9 ,       32.69,    64.56
2026-06-28 04:00:00,   5395.01,       32.45,    63.02
2026-06-28 05:00:00,   5481.02,       34.5 ,    66.11
2026-06-28 06:00:00,   6203.53,       33.56,    66.88
2026-06-28 07:00:00,   6714.77,       36.74,    68.29
2026-06-28 08:00:00,   7023.81,       37.45,    59.92
2026-06-28 09:00:00,   7039.22,       37.55,    70.54
2026-06-28 10:00:00,   7192.79,       37.74,    73.37
2026-06-28 11:00:00,   6871.59,       38.32,    62.82
2026-06-28 12:00:00,   7211.4 ,       40.43,    67.37
2026-06-28 13:00:00,   7255.92,       41.39,    54.96
2026-06-28 14:00:00,   6735.95,       39.02,    67.76
2026-06-28 15:00:00,   7374.49,       39.93,    66.8
2026-06-28 16:00:00,   7019.63,       36.24,    69.2
2026-06-28 17:00:00,   7392.36,       37.22,    63.93
2026-06-28 18:00:00,   7351.49,       36.92,    49.5
2026-06-28 19:00:00,   7333.03,       34.83,    62.95
2026-06-28 20:00:00,   7198.76,       33.76,    63.99
2026-06-28 21:00:00,   6798.02,       33.12,    62.8
2026-06-28 22:00:00,   6858.98,       33.44,    68.01
2026-06-28 23:00:00,   6256.61,       32.23,    66.4
2026-06-29 00:00:00,   5289.46,       29.35,    66.96
2026-06-29 01:00:00,   5188.78,       29.35,    65.79
2026-06-29 02:00:00,   5460.68,       31.31,    65.75
2026-06-29 03:00:00,   5400.9 ,       32.98,    73.42
2026-06-29 04:00:00,   5291.42,       29.77,    67.4
2026-06-29 05:00:00,   5656.58,       33.3 ,    64.96
2026-06-29 06:00:00,   6594.39,       34.23,    64.41
2026-06-29 07:00:00,   7496.6 ,       37.56,    65.39
2026-06-29 08:00:00,   7308.52,       36.47,    66.96
2026-06-29 09:00:00,   7515.3 ,       38.36,    47.75
2026-06-29 10:00:00,   7588.43,       38.9 ,    67.6
2026-06-29 11:00:00,   7060.24,       36.81,    71.56
2026-06-29 12:00:00,   7693.72,       40.68,    55.63
2026-06-29 13:00:00,   7300.21,       40.16,    56.5
2026-06-29 14:00:00,   7512.87,       40.37,    58.91
2026-06-29 15:00:00,   8199.72,       44.07,    54.05
2026-06-29 16:00:00,   7247.49,       36.23,    66.02
2026-06-29 17:00:00,   8047.88,       39.97,    51.8
2026-06-29 18:00:00,   7631.1 ,       36.59,    58.98
2026-06-29 19:00:00,   8073.3 ,       36.24,    72.58
2026-06-29 20:00:00,   7653.36,       34.81,    61.53
2026-06-29 21:00:00,   7170.9 ,       33.39,    73.67
2026-06-29 22:00:00,   6750.98,       32.39,    70.13
2026-06-29 23:00:00,   6661.17,       32.83,    58.91
2026-06-30 00:00:00,   5214.23,       30.19,    73.51
2026-06-30 01:00:00,   5800.07,       32.77,    67.41
2026-06-30 02:00:00,   5269.44,       31.51,    66.86
2026-06-30 03:00:00,   5387.64,       31.05,    70.78
2026-06-30 04:00:00,   6320.48,       32.51,    70.62
2026-06-30 05:00:00,   5982.32,       35.38,    69.19
2026-06-30 06:00:00,   6680.25,       34.2 ,    72.61
2026-06-30 07:00:00,   7123.71,       36.3 ,    66.87
2026-06-30 08:00:00,   7387.76,       36.03,    58.19
2026-06-30 09:00:00,   7761.4 ,       38.78,    60.23
2026-06-30 10:00:00,   7758.8 ,       39.52,    76.64
2026-06-30 11:00:00,   7423.85,       41.56,    63.72
2026-06-30 12:00:00,   7420.36,       39.53,    73.77
2026-06-30 13:00:00,   7248.92,       40.68,    67.87
2026-06-30 14:00:00,   7466.48,       39.85,    62.84
2026-06-30 15:00:00,   7833.79,       40.89,    62.2
2026-06-30 16:00:00,   7391.6 ,       37.84,    63.26
2026-06-30 17:00:00,   7810.18,       38.77,    53.92
2026-06-30 18:00:00,   7694.78,       36.68,    64.58
2026-06-30 19:00:00,   7876.08,       35.8 ,    71.34
2026-06-30 20:00:00,   7570.8 ,       34.95,    63.05
2026-06-30 21:00:00,   7497.46,       34.18,    68.8
2026-06-30 22:00:00,   6957.32,       32.91,    72.14
2026-06-30 23:00:00,   6686.05,       32.67,    63.55
2026-07-01 00:00:00,   5707.11,       33.88,    64.75
2026-07-01 01:00:00,   5695.87,       33.03,    62.68
2026-07-01 02:00:00,   5391.25,       33.03,    63.67
2026-07-01 03:00:00,   5477.01,       31.84,    62.41
2026-07-01 04:00:00,   5502.89,       31.95,    64.24
2026-07-01 05:00:00,   6038.16,       34.99,    73.1
2026-07-01 06:00:00,   6872.17,       35.86,    60.65
2026-07-01 07:00:00,   7171.61,       37.61,    64.28
2026-07-01 08:00:00,   7300.34,       36.16,    62.44
2026-07-01 09:00:00,   7414.36,       37.57,    69.58
2026-07-01 10:00:00,   7140.88,       36.71,    71.02
2026-07-01 11:00:00,   7550.64,       38.84,    66.86
2026-07-01 12:00:00,   7620.84,       40.91,    62.22
2026-07-01 13:00:00,   7338.36,       39.29,    60.99
2026-07-01 14:00:00,   7621.56,       40.48,    55.11
2026-07-01 15:00:00,   7361.18,       39.08,    72.04
2026-07-01 16:00:00,   8278.84,       39.06,    58.54
2026-07-01 17:00:00,   7558.82,       36.47,    68.0
2026-07-01 18:00:00,   7763.48,       36.98,    69.51
2026-07-01 19:00:00,   7203.45,       32.26,    65.69
2026-07-01 20:00:00,   7507.86,       34.59,    71.56
2026-07-01 21:00:00,   6943.74,       31.89,    72.62
2026-07-01 22:00:00,   6875.93,       34.47,    75.12
2026-07-01 23:00:00,   6683.22,       33.32,    65.17
2026-07-02 00:00:00,   5400.23,       32.51,    61.81
2026-07-02 01:00:00,   5700.34,       33.64,    64.69
2026-07-02 02:00:00,   5256.96,       30.81,    70.81
2026-07-02 03:00:00,   5915.09,       34.45,    66.79
2026-07-02 04:00:00,   5963.76,       34.11,    64.84
2026-07-02 05:00:00,   5858.73,       33.53,    57.77
2026-07-02 06:00:00,   6743.67,       36.14,    67.32
2026-07-02 07:00:00,   7103.23,       34.49,    76.32
2026-07-02 08:00:00,   8074.73,       35.86,    67.55
2026-07-02 09:00:00,   7489.69,       37.09,    67.17
2026-07-02 10:00:00,   7688.29,       38.01,    66.15
2026-07-02 11:00:00,   7299.27,       38.01,    65.27
2026-07-02 12:00:00,   7357.73,       41.15,    65.13
2026-07-02 13:00:00,   7218.69,       39.51,    63.92
2026-07-02 14:00:00,   7628.97,       40.1 ,    59.84
2026-07-02 15:00:00,   7205.07,       38.6 ,    58.78
2026-07-02 16:00:00,   7339.92,       36.46,    63.44
2026-07-02 17:00:00,   7773.19,       38.14,    64.74
2026-07-02 18:00:00,   7453.7 ,       34.56,    64.82
2026-07-02 19:00:00,   7669.85,       35.73,    66.91
2026-07-02 20:00:00,   7353.7 ,       33.14,    69.87
2026-07-02 21:00:00,   7468.34,       36.2 ,    69.08
2026-07-02 22:00:00,   6880.89,       34.08,    73.24
2026-07-02 23:00:00,   6662.96,       32.48,    68.66
2026-07-03 00:00:00,   5777.42,       33.44,    60.87
2026-07-03 01:00:00,   5433.25,       30.77,    68.08
2026-07-03 02:00:00,   5450.68,       32.57,    68.41
2026-07-03 03:00:00,   5405.96,       32.56,    59.02
2026-07-03 04:00:00,   5638.23,       33.27,    74.5
2026-07-03 05:00:00,   6179.87,       35.31,    66.43
2026-07-03 06:00:00,   6946.46,       35.63,    67.34
2026-07-03 07:00:00,   7205.22,       36.13,    71.81
2026-07-03 08:00:00,   7249.87,       34.83,    63.0
2026-07-03 09:00:00,   7484.57,       36.63,    67.4
2026-07-03 10:00:00,   7599.77,       38.47,    62.33
2026-07-03 11:00:00,   7607.79,       39.36,    61.16
2026-07-03 12:00:00,   7629.59,       38.29,    59.18
2026-07-03 13:00:00,   7522.0 ,       42.68,    67.42
2026-07-03 14:00:00,   7673.06,       41.47,    58.3
2026-07-03 15:00:00,   7698.62,       39.97,    65.02
2026-07-03 16:00:00,   7475.58,       38.7 ,    53.3
2026-07-03 17:00:00,   7795.53,       37.53,    69.62
2026-07-03 18:00:00,   7852.49,       35.68,    70.65
2026-07-03 19:00:00,   7741.1 ,       35.88,    65.7
2026-07-03 20:00:00,   7478.28,       35.06,    64.81
2026-07-03 21:00:00,   7082.83,       32.29,    70.44
2026-07-03 22:00:00,   6899.61,       33.36,    78.92
2026-07-03 23:00:00,   6522.81,       32.13,    59.76
2026-07-04 00:00:00,   4890.7 ,       29.6 ,    74.77
2026-07-04 01:00:00,   4781.22,       30.72,    65.3
2026-07-04 02:00:00,   4883.55,       31.39,    69.15
2026-07-04 03:00:00,   5448.27,       34.55,    65.17
2026-07-04 04:00:00,   5358.58,       33.59,    65.13
2026-07-04 05:00:00,   5304.23,       32.15,    68.52
2026-07-04 06:00:00,   6705.32,       35.3 ,    60.06
2026-07-04 07:00:00,   6515.69,       33.89,    72.14
2026-07-04 08:00:00,   7255.88,       38.08,    54.25
2026-07-04 09:00:00,   7034.21,       37.18,    66.73
2026-07-04 10:00:00,   7328.43,       38.47,    61.25
2026-07-04 11:00:00,   7289.41,       40.8 ,    54.92
2026-07-04 12:00:00,   6872.82,       38.07,    64.25
2026-07-04 13:00:00,   6777.0 ,       38.07,    55.45
2026-07-04 14:00:00,   7054.66,       38.91,    62.68
2026-07-04 15:00:00,   7102.51,       40.46,    53.97
2026-07-04 16:00:00,   6753.42,       36.75,    66.73
2026-07-04 17:00:00,   6940.81,       34.35,    61.96
2026-07-04 18:00:00,   7425.93,       36.24,    62.63
2026-07-04 19:00:00,   8172.5 ,       36.41,    66.2
2026-07-04 20:00:00,   7506.82,       36.15,    61.1
2026-07-04 21:00:00,   6879.47,       33.19,    67.34
2026-07-04 22:00:00,   6437.44,       32.43,    60.75
2026-07-04 23:00:00,   6153.08,       33.67,    70.35
2026-07-05 00:00:00,   4812.05,       29.6 ,    79.68
2026-07-05 01:00:00,   5161.31,       31.25,    83.34
2026-07-05 02:00:00,   5093.09,       32.08,    69.09
2026-07-05 03:00:00,   5238.55,       32.79,    71.93
2026-07-05 04:00:00,   5254.6 ,       32.27,    59.55
2026-07-05 05:00:00,   5334.77,       33.75,    74.64
2026-07-05 06:00:00,   6123.11,       31.69,    72.86
2026-07-05 07:00:00,   6823.96,       34.92,    63.65
2026-07-05 08:00:00,   7069.09,       37.29,    70.12
2026-07-05 09:00:00,   6938.52,       36.53,    63.35
2026-07-05 10:00:00,   7787.53,       38.61,    60.46
2026-07-05 11:00:00,   6955.42,       39.71,    64.14
2026-07-05 12:00:00,   7037.04,       39.16,    56.94
2026-07-05 13:00:00,   7066.4 ,       39.92,    66.68
2026-07-05 14:00:00,   7073.52,       38.42,    57.64
2026-07-05 15:00:00,   7053.48,       38.93,    57.21
2026-07-05 16:00:00,   7379.42,       39.27,    57.61
2026-07-05 17:00:00,   7289.83,       37.9 ,    67.19
2026-07-05 18:00:00,   7303.77,       36.04,    61.98
2026-07-05 19:00:00,   7222.61,       35.98,    58.38
2026-07-05 20:00:00,   7261.98,       35.53,    62.49
2026-07-05 21:00:00,   6558.18,       31.25,    69.21
2026-07-05 22:00:00,   6763.49,       34.27,    60.75
2026-07-05 23:00:00,   6139.06,       31.84,    63.08
2026-07-06 00:00:00,   5526.92,       32.32,    78.97
2026-07-06 01:00:00,   5572.18,       33.11,    63.4
2026-07-06 02:00:00,   5221.29,       30.16,    68.74
2026-07-06 03:00:00,   5423.82,       31.36,    67.44
2026-07-06 04:00:00,   5586.64,       32.5 ,    66.15
2026-07-06 05:00:00,   5776.01,       32.73,    71.15
2026-07-06 06:00:00,   6987.88,       36.72,    69.19
2026-07-06 07:00:00,   6902.81,       34.64,    64.79
2026-07-06 08:00:00,   7268.71,       36.04,    58.88
2026-07-06 09:00:00,   7505.01,       37.92,    69.75
2026-07-06 10:00:00,   7375.67,       37.06,    63.67
2026-07-06 11:00:00,   7690.64,       38.66,    71.36
2026-07-06 12:00:00,   7328.01,       39.92,    50.35
2026-07-06 13:00:00,   7252.09,       39.27,    63.13
2026-07-06 14:00:00,   7297.0 ,       39.42,    71.61
2026-07-06 15:00:00,   7346.51,       38.5 ,    61.08
2026-07-06 16:00:00,   7330.57,       36.68,    63.36
2026-07-06 17:00:00,   7796.28,       38.06,    64.73
2026-07-06 18:00:00,   7824.37,       38.81,    59.77
2026-07-06 19:00:00,   7846.33,       35.69,    63.82
2026-07-06 20:00:00,   7636.68,       34.91,    64.4
2026-07-06 21:00:00,   7186.5 ,       34.5 ,    63.31
2026-07-06 22:00:00,   6451.49,       31.32,    75.46
2026-07-06 23:00:00,   6736.1 ,       34.25,    68.98
2026-07-07 00:00:00,   5451.09,       32.01,    69.95
2026-07-07 01:00:00,   5979.83,       33.59,    71.31
2026-07-07 02:00:00,   5413.65,       30.89,    68.38
2026-07-07 03:00:00,   5556.65,       34.35,    62.72
2026-07-07 04:00:00,   5647.61,       33.73,    64.13
2026-07-07 05:00:00,   5866.2 ,       34.29,    66.65
2026-07-07 06:00:00,   6812.09,       34.87,    60.82
2026-07-07 07:00:00,   7337.69,       35.33,    63.2
2026-07-07 08:00:00,   7522.5 ,       38.1 ,    60.63
2026-07-07 09:00:00,   7490.85,       37.8 ,    74.11
2026-07-07 10:00:00,   7171.69,       36.1 ,    51.14
2026-07-07 11:00:00,   7369.58,       37.75,    62.63
2026-07-07 12:00:00,   7453.34,       39.27,    70.79
2026-07-07 13:00:00,   7474.45,       40.0 ,    62.11
2026-07-07 14:00:00,   7413.15,       39.42,    65.79
2026-07-07 15:00:00,   7563.66,       40.56,    61.5
2026-07-07 16:00:00,   7388.62,       36.12,    61.66
2026-07-07 17:00:00,   7769.65,       37.8 ,    52.27
2026-07-07 18:00:00,   7526.59,       34.48,    67.49
2026-07-07 19:00:00,   7750.64,       36.54,    60.74
2026-07-07 20:00:00,   7450.53,       34.48,    62.47
2026-07-07 21:00:00,   7300.6 ,       34.13,    64.29
2026-07-07 22:00:00,   7070.37,       31.76,    77.64
2026-07-07 23:00:00,   6824.0 ,       33.7 ,    79.19
2026-07-08 00:00:00,   5522.71,       32.97,    68.91
2026-07-08 01:00:00,   5414.32,       32.28,    66.12
2026-07-08 02:00:00,   5371.32,       31.56,    63.21
2026-07-08 03:00:00,   5851.5 ,       32.81,    70.31
2026-07-08 04:00:00,   5464.01,       31.91,    77.7
2026-07-08 05:00:00,   6019.94,       34.61,    65.11
2026-07-08 06:00:00,   6935.33,       36.53,    52.73
2026-07-08 07:00:00,   7244.07,       36.87,    67.67
2026-07-08 08:00:00,   7350.74,       35.74,    70.26
2026-07-08 09:00:00,   7535.14,       38.02,    55.36
2026-07-08 10:00:00,   7319.22,       36.86,    65.21
2026-07-08 11:00:00,   7775.75,       39.73,    64.0
2026-07-08 12:00:00,   7565.25,       39.99,    61.15
2026-07-08 13:00:00,   7149.48,       37.34,    59.94
2026-07-08 14:00:00,   7274.52,       38.05,    68.33
2026-07-08 15:00:00,   7457.16,       38.71,    60.65
2026-07-08 16:00:00,   7777.61,       38.05,    55.83
2026-07-08 17:00:00,   7537.96,       36.13,    54.73
2026-07-08 18:00:00,   7892.56,       37.09,    70.43
2026-07-08 19:00:00,   7571.71,       35.88,    68.29
2026-07-08 20:00:00,   7391.75,       34.31,    67.06
2026-07-08 21:00:00,   6973.35,       32.68,    65.89
2026-07-08 22:00:00,   7200.85,       34.01,    64.24
2026-07-08 23:00:00,   6530.65,       34.11,    61.43
2026-07-09 00:00:00,   5322.65,       31.09,    67.36
2026-07-09 01:00:00,   4977.29,       30.8 ,    59.18
2026-07-09 02:00:00,   5414.47,       32.26,    64.78
2026-07-09 03:00:00,   5390.77,       31.64,    67.47
2026-07-09 04:00:00,   5754.34,       32.54,    71.26
2026-07-09 05:00:00,   5936.53,       34.42,    66.32
2026-07-09 06:00:00,   6362.5 ,       32.21,    72.49
2026-07-09 07:00:00,   7370.83,       37.12,    70.84
2026-07-09 08:00:00,   7367.91,       36.66,    69.8
2026-07-09 09:00:00,   7491.49,       37.04,    66.52
2026-07-09 10:00:00,   7419.71,       38.26,    63.13
2026-07-09 11:00:00,   7364.57,       38.95,    57.54
2026-07-09 12:00:00,   7028.42,       37.32,    67.61
2026-07-09 13:00:00,   7539.21,       41.33,    68.7
2026-07-09 14:00:00,   7357.15,       39.45,    63.71
2026-07-09 15:00:00,   7686.38,       39.53,    71.51
2026-07-09 16:00:00,   7756.54,       39.51,    54.32
2026-07-09 17:00:00,   7229.41,       36.31,    59.05
2026-07-09 18:00:00,   7861.49,       37.14,    68.35
2026-07-09 19:00:00,   7491.58,       35.21,    67.13
2026-07-09 20:00:00,   7519.26,       35.52,    72.1
2026-07-09 21:00:00,   6817.01,       30.98,    69.54
2026-07-09 22:00:00,   6797.59,       32.59,    63.83
2026-07-09 23:00:00,   6341.27,       31.35,    68.22
2026-07-10 00:00:00,   5521.28,       32.14,    60.91
2026-07-10 01:00:00,   5317.14,       32.05,    63.01
2026-07-10 02:00:00,   5378.46,       30.77,    74.67
2026-07-10 03:00:00,   5661.19,       31.17,    73.81
2026-07-10 04:00:00,   5426.83,       32.52,    70.04
2026-07-10 05:00:00,   5613.23,       32.41,    59.73
2026-07-10 06:00:00,   6549.92,       35.46,    63.79
2026-07-10 07:00:00,   6957.86,       35.04,    59.84
2026-07-10 08:00:00,   7007.89,       33.03,    73.65
2026-07-10 09:00:00,   7572.8 ,       37.04,    61.25
2026-07-10 10:00:00,   7430.67,       37.07,    58.71
2026-07-10 11:00:00,   7354.65,       36.99,    64.36
2026-07-10 12:00:00,   7498.12,       37.86,    60.22
2026-07-10 13:00:00,   7533.66,       39.62,    69.26
2026-07-10 14:00:00,   7464.54,       40.94,    56.98
2026-07-10 15:00:00,   7302.32,       39.32,    55.11
2026-07-10 16:00:00,   7431.3 ,       37.59,    52.91
2026-07-10 17:00:00,   7647.44,       38.03,    63.12
2026-07-10 18:00:00,   7743.9 ,       35.97,    62.32
2026-07-10 19:00:00,   7456.42,       34.65,    59.17
2026-07-10 20:00:00,   7332.33,       33.06,    73.69
2026-07-10 21:00:00,   7063.16,       31.38,    72.59
2026-07-10 22:00:00,   6817.29,       32.19,    68.39
2026-07-10 23:00:00,   6496.35,       32.21,    75.33
2026-07-11 00:00:00,   5205.3 ,       31.45,    72.51
2026-07-11 01:00:00,   4776.98,       30.93,    65.55
2026-07-11 02:00:00,   4905.65,       30.43,    64.91
2026-07-11 03:00:00,   5221.51,       32.7 ,    72.16
2026-07-11 04:00:00,   5058.15,       31.02,    71.56
2026-07-11 05:00:00,   5553.51,       34.36,    67.42
2026-07-11 06:00:00,   6304.03,       33.19,    63.39
2026-07-11 07:00:00,   6578.15,       34.53,    69.46
2026-07-11 08:00:00,   6737.6 ,       34.71,    62.49
2026-07-11 09:00:00,   7062.8 ,       36.83,    63.84
2026-07-11 10:00:00,   7281.61,       39.43,    69.25
2026-07-11 11:00:00,   7295.21,       39.51,    58.63
2026-07-11 12:00:00,   7077.71,       40.47,    53.21
2026-07-11 13:00:00,   7132.84,       40.06,    56.18
2026-07-11 14:00:00,   6822.88,       37.97,    68.3
2026-07-11 15:00:00,   6964.79,       38.5 ,    64.12
2026-07-11 16:00:00,   7172.85,       37.32,    63.26
2026-07-11 17:00:00,   7443.35,       39.03,    59.83
2026-07-11 18:00:00,   7303.71,       35.03,    68.4
2026-07-11 19:00:00,   7496.02,       36.5 ,    60.4
2026-07-11 20:00:00,   7207.94,       35.47,    67.11
2026-07-11 21:00:00,   7185.37,       35.63,    61.78
2026-07-11 22:00:00,   6535.74,       32.11,    64.11
2026-07-11 23:00:00,   6472.24,       32.82,    64.77
2026-07-12 00:00:00,   5515.89,       34.25,    64.8
2026-07-12 01:00:00,   5025.54,       30.64,    69.68
2026-07-12 02:00:00,   4717.98,       29.67,    71.97
2026-07-12 03:00:00,   5155.19,       29.66,    52.37
2026-07-12 04:00:00,   5173.26,       33.4 ,    63.4
2026-07-12 05:00:00,   5256.01,       31.12,    67.54
2026-07-12 06:00:00,   6366.41,       33.89,    74.52
2026-07-12 07:00:00,   6605.99,       35.9 ,    59.79
2026-07-12 08:00:00,   6997.9 ,       36.63,    65.34
2026-07-12 09:00:00,   7228.89,       37.89,    70.88
2026-07-12 10:00:00,   7396.4 ,       38.47,    56.31
2026-07-12 11:00:00,   7218.18,       40.38,    63.13
2026-07-12 12:00:00,   6839.0 ,       38.1 ,    59.2
2026-07-12 13:00:00,   6571.39,       38.56,    60.27
2026-07-12 14:00:00,   7069.6 ,       38.31,    59.0
2026-07-12 15:00:00,   7059.23,       39.84,    57.99
2026-07-12 16:00:00,   7373.04,       39.29,    75.75
2026-07-12 17:00:00,   7385.01,       37.92,    67.6
2026-07-12 18:00:00,   7551.29,       37.83,    68.96
2026-07-12 19:00:00,   7262.51,       33.96,    69.39
2026-07-12 20:00:00,   7584.71,       36.34,    56.76
2026-07-12 21:00:00,   7101.16,       35.2 ,    67.79
2026-07-12 22:00:00,   6706.84,       33.43,    72.78
2026-07-12 23:00:00,   6519.98,       34.05,    62.59
2026-07-13 00:00:00,   5297.67,       29.47,    75.81
2026-07-13 01:00:00,   5267.17,       30.69,    73.4
2026-07-13 02:00:00,   5440.22,       30.57,    79.24
2026-07-13 03:00:00,   5711.96,       32.72,    65.96
2026-07-13 04:00:00,   5560.47,       31.23,    63.9
2026-07-13 05:00:00,   5785.85,       34.23,    64.89
2026-07-13 06:00:00,   6888.14,       35.93,    72.34
2026-07-13 07:00:00,   7155.48,       36.15,    55.82
2026-07-13 08:00:00,   7205.23,       36.69,    54.13
2026-07-13 09:00:00,   7568.93,       36.13,    65.43
2026-07-13 10:00:00,   7427.02,       37.13,    61.87
2026-07-13 11:00:00,   7676.36,       40.28,    61.28
2026-07-13 12:00:00,   7393.27,       40.12,    66.12
2026-07-13 13:00:00,   7127.08,       39.27,    59.39
2026-07-13 14:00:00,   7182.75,       38.68,    53.32
2026-07-13 15:00:00,   7145.44,       36.35,    75.01
2026-07-13 16:00:00,   7473.48,       36.86,    59.34
2026-07-13 17:00:00,   7969.59,       39.61,    56.55
2026-07-13 18:00:00,   7592.57,       34.82,    71.68
2026-07-13 19:00:00,   7664.53,       35.55,    63.59
2026-07-13 20:00:00,   7691.42,       35.49,    65.24
2026-07-13 21:00:00,   7191.59,       31.81,    71.28
2026-07-13 22:00:00,   6976.2 ,       32.71,    73.48
2026-07-13 23:00:00,   6798.85,       32.98,    66.15
2026-07-14 00:00:00,   5443.47,       31.41,    76.83
2026-07-14 01:00:00,   5623.19,       34.7 ,    55.59
2026-07-14 02:00:00,   5043.69,       29.39,    74.85
2026-07-14 03:00:00,   5674.12,       33.06,    63.54
2026-07-14 04:00:00,   5547.87,       32.22,    75.36
2026-07-14 05:00:00,   5912.2 ,       34.18,    67.44
2026-07-14 06:00:00,   6967.98,       34.75,    62.86
2026-07-14 07:00:00,   7000.46,       34.38,    69.87
2026-07-14 08:00:00,   7505.18,       36.57,    69.05
2026-07-14 09:00:00,   7255.9 ,       35.03,    69.18
2026-07-14 10:00:00,   7532.71,       38.81,    57.42
2026-07-14 11:00:00,   7490.61,       39.08,    59.91
2026-07-14 12:00:00,   7337.95,       39.89,    61.58
2026-07-14 13:00:00,   7623.56,       40.53,    60.82
2026-07-14 14:00:00,   7455.47,       39.56,    65.64
2026-07-14 15:00:00,   7486.92,       38.9 ,    52.42
2026-07-14 16:00:00,   7560.58,       37.03,    65.85
2026-07-14 17:00:00,   7322.23,       36.4 ,    63.29
2026-07-14 18:00:00,   7969.09,       37.72,    59.36
2026-07-14 19:00:00,   7719.51,       36.98,    60.5
2026-07-14 20:00:00,   7443.91,       33.94,    65.88
2026-07-14 21:00:00,   7155.85,       33.31,    49.51
2026-07-14 22:00:00,   6806.44,       31.34,    65.78
2026-07-14 23:00:00,   6755.18,       33.2 ,    63.24
2026-07-15 00:00:00,   5655.46,       32.13,    71.25
2026-07-15 01:00:00,   5589.66,       33.52,    63.3
2026-07-15 02:00:00,   5359.78,       30.28,    69.17
2026-07-15 03:00:00,   5423.94,       31.28,    77.06
2026-07-15 04:00:00,   5402.99,       32.64,    73.09
2026-07-15 05:00:00,   5722.96,       33.97,    71.44
2026-07-15 06:00:00,   6646.05,       33.9 ,    64.49
2026-07-15 07:00:00,   7018.51,       34.15,    69.48
2026-07-15 08:00:00,   7495.54,       37.29,    62.77
2026-07-15 09:00:00,   7467.65,       38.06,    62.26
2026-07-15 10:00:00,   7385.76,       36.92,    66.32
2026-07-15 11:00:00,   7883.77,       40.29,    58.26
2026-07-15 12:00:00,   7516.25,       40.46,    68.55
2026-07-15 13:00:00,   7256.09,       39.36,    61.28
2026-07-15 14:00:00,   7369.99,       39.15,    65.35
2026-07-15 15:00:00,   7566.35,       39.32,    69.39
2026-07-15 16:00:00,   7352.15,       36.99,    69.37
2026-07-15 17:00:00,   7723.67,       37.23,    56.95
2026-07-15 18:00:00,   7370.05,       33.65,    69.44
2026-07-15 19:00:00,   7874.32,       36.25,    69.13
2026-07-15 20:00:00,   7266.41,       32.29,    72.9
2026-07-15 21:00:00,   7452.79,       35.0 ,    60.43
2026-07-15 22:00:00,   6710.49,       31.97,    65.44
2026-07-15 23:00:00,   6421.72,       31.48,    74.14
2026-07-16 00:00:00,   5412.68,       30.51,    66.23
2026-07-16 01:00:00,   5322.74,       30.78,    68.3
2026-07-16 02:00:00,   5631.03,       32.97,    75.71
2026-07-16 03:00:00,   5055.29,       28.68,    71.45
2026-07-16 04:00:00,   5849.02,       33.83,    63.42
2026-07-16 05:00:00,   5707.23,       33.54,    62.93
2026-07-16 06:00:00,   6496.4 ,       32.65,    69.78
2026-07-16 07:00:00,   6941.61,       33.84,    60.38
2026-07-16 08:00:00,   7686.53,       38.18,    61.9
2026-07-16 09:00:00,   7296.3 ,       36.0 ,    66.77
2026-07-16 10:00:00,   7595.02,       36.57,    71.08
2026-07-16 11:00:00,   7639.2 ,       39.96,    64.87
2026-07-16 12:00:00,   7249.38,       39.4 ,    58.47
2026-07-16 13:00:00,   7176.65,       38.0 ,    69.19
2026-07-16 14:00:00,   7276.15,       39.25,    60.67
2026-07-16 15:00:00,   7290.74,       37.36,    57.69
2026-07-16 16:00:00,   7675.75,       39.28,    61.29
2026-07-16 17:00:00,   7812.18,       38.4 ,    70.13
2026-07-16 18:00:00,   7678.07,       36.8 ,    65.2
2026-07-16 19:00:00,   7824.07,       35.56,    65.55
2026-07-16 20:00:00,   7577.17,       36.21,    73.1
2026-07-16 21:00:00,   7036.76,       33.13,    60.53
2026-07-16 22:00:00,   6714.42,       30.88,    63.28
2026-07-16 23:00:00,   6799.22,       32.21,    60.44
2026-07-17 00:00:00,   5638.66,       33.7 ,    69.03
2026-07-17 01:00:00,   5302.7 ,       29.84,    71.47
2026-07-17 02:00:00,   5460.26,       30.77,    77.53
2026-07-17 03:00:00,   5598.99,       32.1 ,    69.83
2026-07-17 04:00:00,   5503.14,       32.17,    66.53
2026-07-17 05:00:00,   5450.07,       31.88,    68.81
2026-07-17 06:00:00,   6574.09,       35.37,    66.25
2026-07-17 07:00:00,   7295.64,       37.85,    55.08
2026-07-17 08:00:00,   7464.94,       36.33,    78.35
2026-07-17 09:00:00,   7221.17,       35.98,    67.72
2026-07-17 10:00:00,   7377.87,       36.03,    66.12
2026-07-17 11:00:00,   7351.93,       38.84,    65.62
2026-07-17 12:00:00,   7488.43,       40.25,    64.82
2026-07-17 13:00:00,   7411.74,       39.63,    61.13
2026-07-17 14:00:00,   7202.39,       38.92,    59.31
2026-07-17 15:00:00,   7312.92,       37.82,    66.46
2026-07-17 16:00:00,   7306.25,       36.58,    66.51
2026-07-17 17:00:00,   7846.21,       38.06,    59.19
2026-07-17 18:00:00,   7861.63,       37.19,    71.12
2026-07-17 19:00:00,   7428.34,       33.21,    69.08
2026-07-17 20:00:00,   7869.2 ,       35.94,    68.81
2026-07-17 21:00:00,   7322.96,       33.75,    74.08
2026-07-17 22:00:00,   6950.18,       33.91,    67.09
2026-07-17 23:00:00,   6329.54,       29.99,    72.1
2026-07-18 00:00:00,   4815.31,       29.49,    75.01
2026-07-18 01:00:00,   4993.42,       30.81,    66.14
2026-07-18 02:00:00,   5399.38,       31.73,    69.21
2026-07-18 03:00:00,   5384.97,       33.68,    67.81
2026-07-18 04:00:00,   5046.14,       33.01,    63.01
2026-07-18 05:00:00,   5262.89,       32.7 ,    79.66
2026-07-18 06:00:00,   5938.29,       32.73,    61.01
2026-07-18 07:00:00,   6771.17,       36.47,    58.19
2026-07-18 08:00:00,   6558.46,       34.87,    72.69
2026-07-18 09:00:00,   7256.69,       38.95,    66.01
2026-07-18 10:00:00,   6933.98,       37.48,    58.64
2026-07-18 11:00:00,   7344.47,       40.37,    64.21
2026-07-18 12:00:00,   7055.1 ,       39.67,    69.14
2026-07-18 13:00:00,   6915.54,       38.83,    62.4
2026-07-18 14:00:00,   6835.06,       38.23,    76.08
2026-07-18 15:00:00,   6801.43,       38.05,    54.64
2026-07-18 16:00:00,   7277.16,       38.33,    66.47
2026-07-18 17:00:00,   7523.69,       37.09,    69.96
2026-07-18 18:00:00,   7305.93,       35.32,    70.17
2026-07-18 19:00:00,   7209.71,       34.79,    65.16
2026-07-18 20:00:00,   6933.73,       34.05,    65.4
2026-07-18 21:00:00,   6385.83,       30.44,    72.33
2026-07-18 22:00:00,   6592.35,       32.71,    72.14
2026-07-18 23:00:00,   6161.33,       30.35,    73.19
2026-07-19 00:00:00,   4876.42,       29.67,    76.0
2026-07-19 01:00:00,   4848.33,       28.9 ,    66.4
2026-07-19 02:00:00,   4840.73,       28.9 ,    70.35
2026-07-19 03:00:00,   4937.48,       29.83,    65.95
2026-07-19 04:00:00,   4997.75,       31.24,    67.45
2026-07-19 05:00:00,   5655.21,       35.26,    70.84
2026-07-19 06:00:00,   6130.53,       33.25,    68.11
2026-07-19 07:00:00,   6651.4 ,       35.13,    78.91
2026-07-19 08:00:00,   7023.32,       36.44,    65.67
2026-07-19 09:00:00,   7337.2 ,       37.08,    64.43
2026-07-19 10:00:00,   6979.19,       37.66,    64.14
2026-07-19 11:00:00,   6945.08,       36.95,    61.06
2026-07-19 12:00:00,   7334.04,       40.52,    60.74
2026-07-19 13:00:00,   7240.3 ,       41.09,    66.16
2026-07-19 14:00:00,   6770.14,       36.76,    64.98
2026-07-19 15:00:00,   6931.0 ,       37.16,    60.09
2026-07-19 16:00:00,   7259.46,       37.41,    59.2
2026-07-19 17:00:00,   7002.61,       35.76,    63.06
2026-07-19 18:00:00,   7238.97,       36.56,    64.96
2026-07-19 19:00:00,   7169.13,       34.05,    72.83
2026-07-19 20:00:00,   7136.3 ,       36.48,    57.96
2026-07-19 21:00:00,   7110.55,       34.35,    64.99
2026-07-19 22:00:00,   6639.2 ,       32.35,    69.11
2026-07-19 23:00:00,   6259.61,       32.69,    58.91
2026-07-20 00:00:00,   5465.62,       32.31,    64.25
2026-07-20 01:00:00,   5245.1 ,       30.17,    66.95
2026-07-20 02:00:00,   5242.5 ,       30.0 ,    66.52
2026-07-20 03:00:00,   5438.06,       31.48,    70.13
2026-07-20 04:00:00,   5709.59,       33.05,    66.95
2026-07-20 05:00:00,   5692.04,       33.01,    65.01
2026-07-20 06:00:00,   6533.82,       31.92,    70.91
2026-07-20 07:00:00,   6901.29,       33.88,    75.62
2026-07-20 08:00:00,   7182.12,       35.79,    73.48
2026-07-20 09:00:00,   7605.86,       36.75,    54.81
2026-07-20 10:00:00,   7608.23,       40.04,    64.35
2026-07-20 11:00:00,   7188.44,       36.65,    63.63
2026-07-20 12:00:00,   7475.86,       39.32,    62.89
2026-07-20 13:00:00,   7356.33,       40.63,    58.94
2026-07-20 14:00:00,   7616.39,       41.43,    60.8
2026-07-20 15:00:00,   7354.56,       37.82,    64.22
2026-07-20 16:00:00,   7451.12,       38.26,    60.17
2026-07-20 17:00:00,   7685.02,       37.53,    59.24
2026-07-20 18:00:00,   7681.46,       36.12,    62.75
2026-07-20 19:00:00,   7533.99,       34.73,    67.42
2026-07-20 20:00:00,   7762.52,       34.33,    69.6
2026-07-20 21:00:00,   6674.88,       29.81,    74.94
2026-07-20 22:00:00,   7020.58,       32.84,    65.48
2026-07-20 23:00:00,   6474.43,       31.53,    70.54
2026-07-21 00:00:00,   5177.67,       30.64,    74.74
2026-07-21 01:00:00,   5631.31,       33.22,    73.43
2026-07-21 02:00:00,   5323.74,       30.09,    70.12
2026-07-21 03:00:00,   5453.2 ,       30.82,    68.66
2026-07-21 04:00:00,   5982.03,       34.33,    67.56
2026-07-21 05:00:00,   5915.58,       31.77,    63.16
2026-07-21 06:00:00,   6587.81,       33.07,    66.77
2026-07-21 07:00:00,   6851.88,       34.59,    70.09
2026-07-21 08:00:00,   7430.26,       36.81,    67.58
2026-07-21 09:00:00,   7443.76,       37.02,    62.83
2026-07-21 10:00:00,   7401.4 ,       36.05,    66.15
2026-07-21 11:00:00,   7156.03,       37.59,    59.54
2026-07-21 12:00:00,   7473.01,       37.9 ,    66.9
2026-07-21 13:00:00,   7309.51,       38.68,    62.3
2026-07-21 14:00:00,   7100.64,       39.14,    60.89
2026-07-21 15:00:00,   7311.98,       38.73,    60.83
2026-07-21 16:00:00,   7315.04,       35.47,    65.27
2026-07-21 17:00:00,   7895.28,       38.05,    61.02
2026-07-21 18:00:00,   7545.03,       36.11,    68.29
2026-07-21 19:00:00,   7888.6 ,       36.43,    62.74
2026-07-21 20:00:00,   7243.06,       34.27,    74.63
2026-07-21 21:00:00,   7268.21,       34.09,    74.15
2026-07-21 22:00:00,   6991.63,       32.5 ,    63.79
2026-07-21 23:00:00,   6620.31,       32.92,    68.22
2026-07-22 00:00:00,   5223.29,       31.45,    65.94
2026-07-22 01:00:00,   5316.49,       30.57,    68.35
2026-07-22 02:00:00,   5586.52,       33.55,    77.32
2026-07-22 03:00:00,   5593.17,       32.29,    66.9
2026-07-22 04:00:00,   5472.97,       32.55,    70.01
2026-07-22 05:00:00,   5394.29,       31.16,    72.17
2026-07-22 06:00:00,   6197.75,       32.11,    63.6
2026-07-22 07:00:00,   7003.98,       35.04,    61.69
2026-07-22 08:00:00,   7245.31,       35.9 ,    59.16
2026-07-22 09:00:00,   7203.56,       35.95,    60.71
2026-07-22 10:00:00,   7508.79,       37.69,    49.33
2026-07-22 11:00:00,   7729.15,       40.06,    64.17
2026-07-22 12:00:00,   7339.35,       39.39,    72.32
2026-07-22 13:00:00,   7074.6 ,       37.32,    64.65
2026-07-22 14:00:00,   7246.96,       38.42,    55.84
2026-07-22 15:00:00,   7065.22,       37.19,    60.82
2026-07-22 16:00:00,   7652.63,       37.05,    61.86
2026-07-22 17:00:00,   7473.66,       36.19,    59.84
2026-07-22 18:00:00,   7660.1 ,       35.15,    70.17
2026-07-22 19:00:00,   7504.05,       33.18,    71.69
2026-07-22 20:00:00,   7366.46,       33.5 ,    61.57
2026-07-22 21:00:00,   7101.24,       32.02,    72.31
2026-07-22 22:00:00,   6387.48,       28.35,    79.62
2026-07-22 23:00:00,   6606.96,       33.69,    76.69
2026-07-23 00:00:00,   5434.23,       32.05,    82.98
2026-07-23 01:00:00,   5173.75,       30.16,    65.85
2026-07-23 02:00:00,   5267.55,       30.77,    83.93
2026-07-23 03:00:00,   5052.8 ,       29.74,    68.97
2026-07-23 04:00:00,   5864.34,       33.81,    64.11
2026-07-23 05:00:00,   6124.64,       34.88,    67.74
2026-07-23 06:00:00,   6754.11,       33.76,    64.21
2026-07-23 07:00:00,   7229.69,       35.84,    67.24
2026-07-23 08:00:00,   7215.95,       35.85,    58.63
2026-07-23 09:00:00,   7154.16,       35.0 ,    64.8
2026-07-23 10:00:00,   7300.9 ,       36.94,    70.68
2026-07-23 11:00:00,   7461.83,       38.23,    62.81
2026-07-23 12:00:00,   7215.27,       37.93,    64.08
2026-07-23 13:00:00,   7154.37,       38.34,    65.37
2026-07-23 14:00:00,   7360.87,       38.36,    68.83
2026-07-23 15:00:00,   7351.0 ,       37.97,    55.05
2026-07-23 16:00:00,   7356.96,       37.5 ,    66.67
2026-07-23 17:00:00,   7343.69,       35.33,    64.36
2026-07-23 18:00:00,   7617.14,       34.78,    67.03
2026-07-23 19:00:00,   7520.91,       33.07,    73.04
2026-07-23 20:00:00,   7597.0 ,       34.75,    60.26
2026-07-23 21:00:00,   7021.97,       30.08,    65.36
2026-07-23 22:00:00,   7130.54,       33.16,    57.98
2026-07-23 23:00:00,   6722.41,       32.81,    65.23
2026-07-24 00:00:00,   5161.16,       30.3 ,    76.88
2026-07-24 01:00:00,   4829.43,       27.4 ,    72.24
2026-07-24 02:00:00,   5209.72,       30.23,    63.6
2026-07-24 03:00:00,   5447.13,       30.98,    67.19
2026-07-24 04:00:00,   5546.64,       30.48,    62.63
2026-07-24 05:00:00,   5623.08,       31.91,    63.16
2026-07-24 06:00:00,   6962.76,       35.32,    67.65
2026-07-24 07:00:00,   6984.13,       35.32,    59.84
2026-07-24 08:00:00,   7161.65,       34.45,    72.06
2026-07-24 09:00:00,   7279.73,       34.61,    66.0
2026-07-24 10:00:00,   7156.98,       36.96,    64.66
2026-07-24 11:00:00,   7273.17,       37.73,    62.15
2026-07-24 12:00:00,   7426.88,       38.98,    66.28
2026-07-24 13:00:00,   7138.96,       37.88,    67.32
2026-07-24 14:00:00,   7136.67,       39.0 ,    64.07
2026-07-24 15:00:00,   7289.09,       40.31,    64.05
2026-07-24 16:00:00,   7511.59,       38.33,    61.94
2026-07-24 17:00:00,   7550.6 ,       36.47,    67.39
2026-07-24 18:00:00,   7494.09,       35.34,    64.01
2026-07-24 19:00:00,   7534.68,       34.1 ,    66.83
2026-07-24 20:00:00,   7608.76,       34.9 ,    64.71
2026-07-24 21:00:00,   7075.69,       31.77,    66.62
2026-07-24 22:00:00,   6480.01,       31.75,    65.48
2026-07-24 23:00:00,   6307.49,       31.12,    71.83
2026-07-25 00:00:00,   4834.06,       29.97,    77.08
2026-07-25 01:00:00,   4798.03,       28.79,    77.44
2026-07-25 02:00:00,   5051.03,       30.96,    63.35
2026-07-25 03:00:00,   5051.4 ,       30.9 ,    76.14
2026-07-25 04:00:00,   5136.57,       32.21,    66.92
2026-07-25 05:00:00,   5168.59,       31.8 ,    71.89
2026-07-25 06:00:00,   6328.14,       34.87,    61.59
2026-07-25 07:00:00,   6521.32,       33.39,    68.16
2026-07-25 08:00:00,   6993.7 ,       37.53,    65.29
2026-07-25 09:00:00,   6898.9 ,       34.34,    59.17
2026-07-25 10:00:00,   7166.74,       37.79,    66.53
2026-07-25 11:00:00,   7054.15,       38.47,    69.61
2026-07-25 12:00:00,   6685.67,       37.35,    63.02
2026-07-25 13:00:00,   6719.13,       38.95,    69.25
2026-07-25 14:00:00,   6950.7 ,       39.84,    60.7
2026-07-25 15:00:00,   6580.79,       35.24,    70.03
2026-07-25 16:00:00,   6863.74,       37.87,    52.33
2026-07-25 17:00:00,   6820.97,       33.45,    79.49
2026-07-25 18:00:00,   7235.97,       34.31,    74.09
2026-07-25 19:00:00,   7509.11,       36.39,    63.32
2026-07-25 20:00:00,   6872.23,       32.7 ,    58.21
2026-07-25 21:00:00,   6559.71,       31.03,    71.01
2026-07-25 22:00:00,   6298.54,       31.37,    62.05
2026-07-25 23:00:00,   6411.04,       33.45,    69.62
2026-07-26 00:00:00,   4851.09,       28.29,    74.1
2026-07-26 01:00:00,   4879.0 ,       29.09,    66.61
2026-07-26 02:00:00,   5211.1 ,       32.28,    74.05
2026-07-26 03:00:00,   5199.09,       33.11,    71.73
2026-07-26 04:00:00,   5172.81,       31.4 ,    74.12
2026-07-26 05:00:00,   4891.06,       30.86,    69.77
2026-07-26 06:00:00,   6498.43,       35.83,    58.18
2026-07-26 07:00:00,   6842.2 ,       36.26,    69.75
2026-07-26 08:00:00,   7031.41,       36.2 ,    63.57
2026-07-26 09:00:00,   6999.12,       35.37,    58.71
2026-07-26 10:00:00,   7094.68,       37.12,    70.85
2026-07-26 11:00:00,   6931.68,       37.62,    74.14
2026-07-26 12:00:00,   6978.4 ,       38.61,    62.55
2026-07-26 13:00:00,   6902.45,       40.09,    72.21
2026-07-26 14:00:00,   6856.61,       39.27,    62.62
2026-07-26 15:00:00,   6779.04,       36.52,    62.73
2026-07-26 16:00:00,   7281.79,       38.83,    59.4
2026-07-26 17:00:00,   7016.87,       36.72,    72.63
2026-07-26 18:00:00,   7404.83,       36.21,    61.01
2026-07-26 19:00:00,   7497.52,       36.11,    68.68
2026-07-26 20:00:00,   6833.38,       31.98,    65.92
2026-07-26 21:00:00,   6990.05,       32.31,    66.12
2026-07-26 22:00:00,   6222.46,       30.88,    74.86
2026-07-26 23:00:00,   5813.47,       29.0 ,    69.5
2026-07-27 00:00:00,   5269.32,       30.81,    67.75
2026-07-27 01:00:00,   5603.45,       33.27,    73.22
2026-07-27 02:00:00,   4965.32,       28.19,    80.12
2026-07-27 03:00:00,   5154.02,       30.76,    73.04
2026-07-27 04:00:00,   5461.12,       32.2 ,    65.25
2026-07-27 05:00:00,   5614.68,       32.41,    65.78
2026-07-27 06:00:00,   6694.81,       33.09,    68.12
2026-07-27 07:00:00,   6956.5 ,       32.7 ,    69.68
2026-07-27 08:00:00,   7375.33,       35.57,    60.55
2026-07-27 09:00:00,   7170.46,       35.35,    69.3
2026-07-27 10:00:00,   7004.27,       34.46,    66.91
2026-07-27 11:00:00,   7467.92,       39.16,    53.68
2026-07-27 12:00:00,   7555.12,       39.27,    57.51
2026-07-27 13:00:00,   7132.19,       38.32,    60.49
2026-07-27 14:00:00,   7041.78,       38.4 ,    62.58
2026-07-27 15:00:00,   7358.1 ,       39.01,    71.84
2026-07-27 16:00:00,   7522.71,       37.36,    65.07
2026-07-27 17:00:00,   7740.58,       37.34,    59.69
2026-07-27 18:00:00,   7521.17,       34.94,    67.16
2026-07-27 19:00:00,   7801.3 ,       35.83,    63.49
2026-07-27 20:00:00,   7112.89,       33.61,    68.88
2026-07-27 21:00:00,   7087.44,       32.49,    71.16
2026-07-27 22:00:00,   6638.1 ,       29.91,    76.63
2026-07-27 23:00:00,   6360.71,       31.14,    69.35
2026-07-28 00:00:00,   5033.0 ,       29.3 ,    79.32
2026-07-28 01:00:00,   4921.4 ,       29.4 ,    75.58
2026-07-28 02:00:00,   5329.47,       29.32,    67.57
2026-07-28 03:00:00,   5073.89,       29.42,    82.07
2026-07-28 04:00:00,   5755.72,       33.89,    68.64
2026-07-28 05:00:00,   5859.22,       33.76,    62.94
2026-07-28 06:00:00,   7008.01,       35.43,    73.87
2026-07-28 07:00:00,   6671.12,       32.7 ,    78.46
2026-07-28 08:00:00,   7113.44,       35.29,    65.58
2026-07-28 09:00:00,   7193.34,       34.61,    63.83
2026-07-28 10:00:00,   7443.39,       36.16,    64.09
2026-07-28 11:00:00,   7148.75,       36.53,    68.2
2026-07-28 12:00:00,   7253.24,       39.52,    68.32
2026-07-28 13:00:00,   6889.02,       37.69,    66.43
2026-07-28 14:00:00,   7161.75,       39.31,    62.63
2026-07-28 15:00:00,   7440.62,       38.35,    70.47
2026-07-28 16:00:00,   7679.16,       39.76,    60.15
2026-07-28 17:00:00,   7228.03,       34.39,    71.7
2026-07-28 18:00:00,   7669.81,       36.71,    63.02
2026-07-28 19:00:00,   7692.02,       35.54,    67.67
2026-07-28 20:00:00,   7156.94,       31.96,    68.17
2026-07-28 21:00:00,   7145.65,       33.37,    67.18
2026-07-28 22:00:00,   6914.39,       31.74,    67.05
2026-07-28 23:00:00,   6557.5 ,       30.43,    76.84
2026-07-29 00:00:00,   4927.28,       29.22,    67.54
2026-07-29 01:00:00,   5159.01,       29.21,    67.51
2026-07-29 02:00:00,   5444.01,       32.67,    78.7
2026-07-29 03:00:00,   5270.12,       30.61,    74.84
2026-07-29 04:00:00,   5556.54,       32.18,    56.61
2026-07-29 05:00:00,   5441.58,       31.12,    66.66
2026-07-29 06:00:00,   6451.35,       32.1 ,    59.55
2026-07-29 07:00:00,   7088.21,       35.37,    60.91
2026-07-29 08:00:00,   6994.89,       33.49,    51.67
2026-07-29 09:00:00,   7207.39,       35.57,    64.8
2026-07-29 10:00:00,   7304.84,       36.94,    58.54
2026-07-29 11:00:00,   7130.62,       37.67,    63.9
2026-07-29 12:00:00,   7047.03,       37.72,    55.43
2026-07-29 13:00:00,   7409.38,       38.55,    63.22
2026-07-29 14:00:00,   7145.15,       38.77,    60.54
2026-07-29 15:00:00,   7198.45,       38.42,    70.43
2026-07-29 16:00:00,   7268.31,       35.72,    72.41
2026-07-29 17:00:00,   7445.77,       35.73,    69.27
2026-07-29 18:00:00,   7708.93,       36.54,    62.98
2026-07-29 19:00:00,   7800.61,       35.14,    75.8
2026-07-29 20:00:00,   7180.01,       31.39,    61.49
2026-07-29 21:00:00,   7006.38,       32.49,    61.24
2026-07-29 22:00:00,   6354.23,       28.87,    71.1
2026-07-29 23:00:00,   6338.11,       30.66,    81.17
2026-07-30 00:00:00,   5602.94,       32.39,    67.34
2026-07-30 01:00:00,   5035.35,       28.84,    70.63
2026-07-30 02:00:00,   4892.31,       29.11,    64.09
2026-07-30 03:00:00,   5389.61,       31.43,    73.95
2026-07-30 04:00:00,   4985.76,       29.29,    75.9
2026-07-30 05:00:00,   5737.56,       31.21,    73.35
2026-07-30 06:00:00,   6491.57,       33.65,    64.06
2026-07-30 07:00:00,   6726.46,       33.21,    64.07
2026-07-30 08:00:00,   7136.45,       34.73,    59.78
2026-07-30 09:00:00,   7402.9 ,       36.87,    64.74
2026-07-30 10:00:00,   7386.92,       37.31,    58.52
2026-07-30 11:00:00,   7361.96,       37.76,    57.63
2026-07-30 12:00:00,   7295.18,       37.43,    61.69
2026-07-30 13:00:00,   7247.89,       38.42,    60.48
2026-07-30 14:00:00,   7285.6 ,       37.69,    60.89
2026-07-30 15:00:00,   7161.77,       37.99,    65.64
2026-07-30 16:00:00,   7323.98,       36.21,    65.31
2026-07-30 17:00:00,   7477.85,       35.75,    63.88
2026-07-30 18:00:00,   7445.51,       33.82,    67.98
2026-07-30 19:00:00,   7648.37,       33.93,    62.0
2026-07-30 20:00:00,   7154.1 ,       31.97,    69.26
2026-07-30 21:00:00,   6795.85,       30.64,    70.68
2026-07-30 22:00:00,   6776.93,       31.46,    61.67
2026-07-30 23:00:00,   6194.48,       30.77,    74.79
2026-07-31 00:00:00,   5294.19,       30.95,    65.24
2026-07-31 01:00:00,   5115.83,       29.36,    71.53
2026-07-31 02:00:00,   5161.14,       30.5 ,    75.87
2026-07-31 03:00:00,   5476.73,       31.07,    74.16
2026-07-31 04:00:00,   5314.13,       31.58,    69.25
2026-07-31 05:00:00,   5416.56,       30.88,    67.89
2026-07-31 06:00:00,   6563.44,       33.02,    72.52
2026-07-31 07:00:00,   7037.25,       34.31,    69.99
2026-07-31 08:00:00,   7124.4 ,       34.92,    62.98
2026-07-31 09:00:00,   7127.45,       33.37,    63.49
2026-07-31 10:00:00,   7453.38,       36.9 ,    53.93
2026-07-31 11:00:00,   7591.53,       39.99,    62.28
2026-07-31 12:00:00,   6963.46,       37.31,    63.51
2026-07-31 13:00:00,   6810.7 ,       37.0 ,    69.88
2026-07-31 14:00:00,   7177.72,       38.19,    64.93
2026-07-31 15:00:00,   7186.48,       37.71,    70.23
2026-07-31 16:00:00,   7624.7 ,       38.13,    59.69
2026-07-31 17:00:00,   7379.06,       34.37,    72.26
2026-07-31 18:00:00,   7614.28,       35.79,    62.65
2026-07-31 19:00:00,   7419.55,       34.58,    70.26
2026-07-31 20:00:00,   7323.38,       32.67,    60.8
2026-07-31 21:00:00,   6916.74,       32.28,    69.62
2026-07-31 22:00:00,   6718.02,       32.28,    58.52
2026-07-31 23:00:00,   6370.5 ,       31.46,    67.85
2026-08-01 00:00:00,   4663.47,       28.54,    74.02
2026-08-01 01:00:00,   5087.34,       30.76,    67.21
2026-08-01 02:00:00,   4837.7 ,       29.83,    65.4
2026-08-01 03:00:00,   4862.68,       30.4 ,    74.37
2026-08-01 04:00:00,   4839.82,       31.03,    69.05
2026-08-01 05:00:00,   5231.18,       31.59,    66.62
2026-08-01 06:00:00,   6219.51,       34.17,    66.96
2026-08-01 07:00:00,   6459.25,       33.67,    80.38
2026-08-01 08:00:00,   6555.71,       33.47,    73.15
2026-08-01 09:00:00,   6994.28,       35.3 ,    71.54
2026-08-01 10:00:00,   6987.87,       36.82,    66.54
2026-08-01 11:00:00,   7062.84,       38.71,    63.49
2026-08-01 12:00:00,   6925.99,       38.36,    50.99
2026-08-01 13:00:00,   6852.85,       36.75,    61.03
2026-08-01 14:00:00,   7210.46,       40.62,    58.54
2026-08-01 15:00:00,   6868.92,       37.56,    54.33
2026-08-01 16:00:00,   7161.48,       38.13,    57.39
2026-08-01 17:00:00,   7020.66,       35.59,    55.56
2026-08-01 18:00:00,   7128.72,       35.45,    65.4
2026-08-01 19:00:00,   7162.81,       34.78,    70.29
2026-08-01 20:00:00,   7000.13,       34.2 ,    72.25
2026-08-01 21:00:00,   6855.59,       33.04,    69.84
2026-08-01 22:00:00,   6292.64,       31.99,    63.89
2026-08-01 23:00:00,   6111.83,       29.93,    60.9
2026-08-02 00:00:00,   4837.02,       29.12,    62.51
2026-08-02 01:00:00,   4863.59,       30.07,    64.09
2026-08-02 02:00:00,   4966.45,       30.93,    65.22
2026-08-02 03:00:00,   4790.85,       29.94,    69.76
2026-08-02 04:00:00,   5182.57,       32.12,    63.52
2026-08-02 05:00:00,   5510.73,       33.41,    69.12
2026-08-02 06:00:00,   5909.65,       31.54,    67.96
2026-08-02 07:00:00,   6137.1 ,       32.67,    68.15
2026-08-02 08:00:00,   6808.03,       34.54,    72.12
2026-08-02 09:00:00,   7018.01,       36.04,    59.16
2026-08-02 10:00:00,   6755.47,       35.87,    67.31
2026-08-02 11:00:00,   6984.04,       38.76,    62.55
2026-08-02 12:00:00,   6723.25,       38.04,    61.59
2026-08-02 13:00:00,   6625.65,       37.72,    67.98
2026-08-02 14:00:00,   6484.79,       35.81,    69.66
2026-08-02 15:00:00,   6604.38,       35.56,    60.77
2026-08-02 16:00:00,   6924.23,       36.84,    63.44
2026-08-02 17:00:00,   6691.84,       33.11,    69.11
2026-08-02 18:00:00,   7268.7 ,       35.92,    63.81
2026-08-02 19:00:00,   7090.02,       33.48,    70.29
2026-08-02 20:00:00,   7330.84,       36.53,    66.03
2026-08-02 21:00:00,   7080.73,       34.44,    75.67
2026-08-02 22:00:00,   6314.86,       30.62,    62.29
2026-08-02 23:00:00,   5775.43,       30.08,    69.82
2026-08-03 00:00:00,   5369.37,       30.9 ,    65.15
2026-08-03 01:00:00,   5465.21,       31.61,    72.07
2026-08-03 02:00:00,   4909.65,       27.74,    64.45
2026-08-03 03:00:00,   4792.19,       27.96,    74.07
2026-08-03 04:00:00,   5242.22,       29.99,    67.36
2026-08-03 05:00:00,   5588.02,       32.27,    64.79
2026-08-03 06:00:00,   6396.98,       33.13,    60.45
2026-08-03 07:00:00,   6755.58,       34.85,    63.81
2026-08-03 08:00:00,   6894.64,       33.16,    73.08
2026-08-03 09:00:00,   6907.34,       32.79,    67.87
2026-08-03 10:00:00,   7372.96,       37.42,    66.96
2026-08-03 11:00:00,   7082.11,       36.04,    73.39
2026-08-03 12:00:00,   6676.33,       35.01,    67.31
2026-08-03 13:00:00,   7009.67,       37.74,    60.74
2026-08-03 14:00:00,   7242.67,       38.38,    65.29
2026-08-03 15:00:00,   7100.32,       36.88,    61.58
2026-08-03 16:00:00,   7029.34,       35.85,    62.72
2026-08-03 17:00:00,   7344.29,       35.37,    58.06
2026-08-03 18:00:00,   7302.6 ,       34.16,    71.39
2026-08-03 19:00:00,   7264.66,       31.95,    66.82
2026-08-03 20:00:00,   7171.18,       31.67,    69.9
2026-08-03 21:00:00,   6819.41,       32.19,    63.35
2026-08-03 22:00:00,   6751.47,       31.12,    71.67
2026-08-03 23:00:00,   6206.43,       30.3 ,    66.42
2026-08-04 00:00:00,   5190.64,       28.4 ,    71.23
2026-08-04 01:00:00,   5098.97,       29.24,    75.57
2026-08-04 02:00:00,   4808.76,       26.98,    77.17
2026-08-04 03:00:00,   5096.18,       30.21,    70.2
2026-08-04 04:00:00,   5562.03,       32.35,    59.55
2026-08-04 05:00:00,   5229.48,       29.69,    85.74
2026-08-04 06:00:00,   6347.73,       31.72,    77.68
2026-08-04 07:00:00,   7000.28,       33.85,    70.64
2026-08-04 08:00:00,   7158.09,       36.0 ,    61.34
2026-08-04 09:00:00,   7195.17,       34.92,    65.5
2026-08-04 10:00:00,   7353.85,       35.46,    62.87
2026-08-04 11:00:00,   6944.0 ,       34.56,    72.71
2026-08-04 12:00:00,   6905.1 ,       37.45,    65.11
2026-08-04 13:00:00,   7379.35,       39.91,    57.66
2026-08-04 14:00:00,   6948.51,       37.66,    61.26
2026-08-04 15:00:00,   7309.18,       36.9 ,    69.9
2026-08-04 16:00:00,   7227.23,       36.67,    72.49
2026-08-04 17:00:00,   7762.39,       35.45,    73.24
2026-08-04 18:00:00,   7527.08,       33.52,    71.12
2026-08-04 19:00:00,   7433.36,       34.45,    65.23
2026-08-04 20:00:00,   7254.43,       32.69,    51.87
2026-08-04 21:00:00,   7020.05,       31.48,    70.65
2026-08-04 22:00:00,   6551.33,       29.46,    70.98
2026-08-04 23:00:00,   6540.15,       31.56,    69.8
2026-08-05 00:00:00,   5376.13,       30.28,    70.51
2026-08-05 01:00:00,   5019.9 ,       28.69,    65.05
2026-08-05 02:00:00,   5233.34,       30.69,    72.67
2026-08-05 03:00:00,   5077.56,       29.29,    74.3
2026-08-05 04:00:00,   5288.22,       29.58,    74.29
2026-08-05 05:00:00,   5406.45,       30.44,    74.84
2026-08-05 06:00:00,   6206.94,       30.19,    73.35
2026-08-05 07:00:00,   6906.0 ,       33.92,    64.93
2026-08-05 08:00:00,   6535.09,       32.19,    68.18
2026-08-05 09:00:00,   7096.14,       33.88,    67.47
2026-08-05 10:00:00,   6993.81,       33.69,    67.72
2026-08-05 11:00:00,   7366.24,       36.71,    69.45
2026-08-05 12:00:00,   6861.24,       37.03,    67.39
2026-08-05 13:00:00,   7147.77,       36.96,    74.62
2026-08-05 14:00:00,   6890.37,       35.96,    76.17
2026-08-05 15:00:00,   7016.77,       35.41,    66.03
2026-08-05 16:00:00,   7530.88,       36.74,    45.25
2026-08-05 17:00:00,   7378.97,       34.69,    72.46
2026-08-05 18:00:00,   7544.98,       34.77,    63.51
2026-08-05 19:00:00,   7295.32,       32.29,    64.43
2026-08-05 20:00:00,   7170.89,       32.53,    66.23
2026-08-05 21:00:00,   7094.64,       32.91,    65.64
2026-08-05 22:00:00,   6579.6 ,       31.23,    72.46
2026-08-05 23:00:00,   6217.95,       29.39,    63.25
2026-08-06 00:00:00,   4869.83,       29.68,    65.4
2026-08-06 01:00:00,   5114.06,       28.95,    73.16
2026-08-06 02:00:00,   5102.57,       29.39,    74.17
2026-08-06 03:00:00,   5086.56,       29.38,    74.26
2026-08-06 04:00:00,   5283.48,       30.21,    66.37
2026-08-06 05:00:00,   5313.49,       31.49,    64.26
2026-08-06 06:00:00,   6498.44,       31.01,    67.06
2026-08-06 07:00:00,   6567.01,       32.02,    69.88
2026-08-06 08:00:00,   6810.4 ,       32.61,    75.58
2026-08-06 09:00:00,   6872.5 ,       33.32,    57.28
2026-08-06 10:00:00,   7077.01,       34.61,    65.25
2026-08-06 11:00:00,   7350.73,       36.89,    57.63
2026-08-06 12:00:00,   7045.02,       36.03,    56.81
2026-08-06 13:00:00,   7167.4 ,       37.86,    68.26
2026-08-06 14:00:00,   7084.97,       37.14,    66.79
2026-08-06 15:00:00,   6783.35,       34.34,    68.84
2026-08-06 16:00:00,   7166.16,       36.85,    68.94
2026-08-06 17:00:00,   7466.55,       36.21,    62.51
2026-08-06 18:00:00,   7262.92,       33.08,    65.56
2026-08-06 19:00:00,   7563.04,       33.74,    78.06
2026-08-06 20:00:00,   7099.58,       31.18,    68.21
2026-08-06 21:00:00,   7100.89,       31.36,    72.95
2026-08-06 22:00:00,   6525.62,       28.89,    71.53
2026-08-06 23:00:00,   5997.81,       27.62,    63.4
2026-08-07 00:00:00,   4825.16,       28.8 ,    61.35
2026-08-07 01:00:00,   5228.29,       28.98,    68.52
2026-08-07 02:00:00,   5204.5 ,       28.79,    76.87
2026-08-07 03:00:00,   4821.95,       28.24,    76.02
2026-08-07 04:00:00,   5386.9 ,       29.82,    75.23
2026-08-07 05:00:00,   5522.21,       31.45,    64.26
2026-08-07 06:00:00,   6405.39,       32.04,    76.75
2026-08-07 07:00:00,   6928.28,       33.35,    62.66
2026-08-07 08:00:00,   7075.32,       33.36,    68.54
2026-08-07 09:00:00,   7448.27,       36.53,    64.57
2026-08-07 10:00:00,   7119.44,       34.54,    65.54
2026-08-07 11:00:00,   7288.11,       37.18,    70.73
2026-08-07 12:00:00,   7154.06,       38.41,    59.41
2026-08-07 13:00:00,   7036.15,       37.7 ,    56.82
2026-08-07 14:00:00,   6859.56,       36.75,    64.53
2026-08-07 15:00:00,   6976.4 ,       35.96,    63.14
2026-08-07 16:00:00,   7333.66,       37.2 ,    80.91
2026-08-07 17:00:00,   7075.37,       33.42,    70.81
2026-08-07 18:00:00,   7293.65,       33.0 ,    65.76
2026-08-07 19:00:00,   7263.15,       32.65,    62.83
2026-08-07 20:00:00,   7406.88,       33.58,    57.88
2026-08-07 21:00:00,   6735.95,       31.58,    63.95
2026-08-07 22:00:00,   6393.61,       29.14,    71.85
2026-08-07 23:00:00,   6219.34,       29.29,    78.28
2026-08-08 00:00:00,   4602.22,       28.41,    77.54
2026-08-08 01:00:00,   4589.19,       28.16,    73.3
2026-08-08 02:00:00,   4681.63,       30.32,    68.59
2026-08-08 03:00:00,   4645.6 ,       27.9 ,    73.73
2026-08-08 04:00:00,   5205.01,       32.11,    66.0
2026-08-08 05:00:00,   5248.32,       32.01,    77.29
2026-08-08 06:00:00,   6306.56,       33.29,    66.6
2026-08-08 07:00:00,   6298.0 ,       32.46,    67.86
2026-08-08 08:00:00,   6678.56,       33.87,    55.94
2026-08-08 09:00:00,   6646.0 ,       33.29,    66.56
2026-08-08 10:00:00,   6871.23,       35.21,    69.99
2026-08-08 11:00:00,   6658.0 ,       37.07,    58.8
2026-08-08 12:00:00,   6743.53,       38.43,    59.16
2026-08-08 13:00:00,   6636.76,       35.68,    69.35
2026-08-08 14:00:00,   6281.37,       36.44,    57.32
2026-08-08 15:00:00,   6686.09,       36.3 ,    70.12
2026-08-08 16:00:00,   6800.39,       34.17,    64.09
2026-08-08 17:00:00,   7062.73,       35.72,    63.41
2026-08-08 18:00:00,   6896.33,       33.18,    62.02
2026-08-08 19:00:00,   6978.92,       32.78,    69.89
2026-08-08 20:00:00,   6693.18,       31.43,    81.51
2026-08-08 21:00:00,   6398.23,       30.07,    74.35
2026-08-08 22:00:00,   6095.84,       30.18,    66.02
2026-08-08 23:00:00,   5982.48,       29.29,    76.82
2026-08-09 00:00:00,   4827.11,       28.59,    70.19
2026-08-09 01:00:00,   4573.09,       28.02,    79.15
2026-08-09 02:00:00,   4592.43,       29.42,    75.06
2026-08-09 03:00:00,   4945.81,       31.42,    54.51
2026-08-09 04:00:00,   4875.6 ,       30.24,    65.27
2026-08-09 05:00:00,   5255.84,       32.09,    73.34
2026-08-09 06:00:00,   5685.58,       30.19,    71.08
2026-08-09 07:00:00,   6252.8 ,       33.09,    62.6
2026-08-09 08:00:00,   6527.87,       32.61,    64.98
2026-08-09 09:00:00,   6715.54,       33.12,    58.16
2026-08-09 10:00:00,   6665.12,       34.84,    65.7
2026-08-09 11:00:00,   6769.74,       37.79,    74.54
2026-08-09 12:00:00,   7176.93,       37.9 ,    67.41
2026-08-09 13:00:00,   6716.66,       37.19,    74.98
2026-08-09 14:00:00,   6358.41,       34.92,    70.48
2026-08-09 15:00:00,   6782.62,       36.12,    70.12
2026-08-09 16:00:00,   6871.13,       36.09,    74.89
2026-08-09 17:00:00,   7100.01,       35.11,    67.79
2026-08-09 18:00:00,   6784.72,       31.72,    68.02
2026-08-09 19:00:00,   6856.18,       31.83,    74.02
2026-08-09 20:00:00,   6759.69,       31.78,    76.16
2026-08-09 21:00:00,   6393.64,       31.54,    66.71
2026-08-09 22:00:00,   6145.19,       27.43,    69.2
2026-08-09 23:00:00,   5726.07,       29.24,    71.88
2026-08-10 00:00:00,   4898.83,       29.09,    75.48
2026-08-10 01:00:00,   5122.36,       29.8 ,    74.67
2026-08-10 02:00:00,   5028.76,       29.75,    63.61
2026-08-10 03:00:00,   5179.8 ,       30.01,    80.05
2026-08-10 04:00:00,   5176.44,       28.99,    68.2
2026-08-10 05:00:00,   5227.99,       28.49,    70.53
2026-08-10 06:00:00,   6379.47,       31.27,    64.84
2026-08-10 07:00:00,   6761.51,       33.98,    80.41
2026-08-10 08:00:00,   7162.79,       35.49,    66.77
2026-08-10 09:00:00,   7298.38,       35.63,    61.18
2026-08-10 10:00:00,   7028.64,       36.12,    69.31
2026-08-10 11:00:00,   7212.79,       36.7 ,    68.32
2026-08-10 12:00:00,   6722.64,       35.97,    64.18
2026-08-10 13:00:00,   7145.35,       36.62,    68.74
2026-08-10 14:00:00,   7134.53,       38.65,    58.59
2026-08-10 15:00:00,   6880.26,       35.11,    63.44
2026-08-10 16:00:00,   7314.35,       37.54,    53.66
2026-08-10 17:00:00,   7180.27,       34.39,    59.93
2026-08-10 18:00:00,   7826.42,       35.4 ,    74.67
2026-08-10 19:00:00,   7215.26,       31.09,    77.73
2026-08-10 20:00:00,   7012.58,       32.45,    68.63
2026-08-10 21:00:00,   6896.08,       29.89,    78.91
2026-08-10 22:00:00,   6431.73,       28.25,    71.27
2026-08-10 23:00:00,   6191.69,       29.58,    69.66
2026-08-11 00:00:00,   5204.83,       30.01,    70.78
2026-08-11 01:00:00,   4925.94,       27.64,    71.99
2026-08-11 02:00:00,   5166.89,       27.0 ,    72.13
2026-08-11 03:00:00,   4974.57,       29.08,    77.04
2026-08-11 04:00:00,   5195.27,       29.73,    71.5
2026-08-11 05:00:00,   5392.12,       31.32,    72.88
2026-08-11 06:00:00,   6284.31,       32.76,    73.17
2026-08-11 07:00:00,   6889.63,       32.59,    70.11
2026-08-11 08:00:00,   7062.82,       35.92,    60.32
2026-08-11 09:00:00,   7187.05,       34.93,    59.3
2026-08-11 10:00:00,   6900.22,       35.07,    66.68
2026-08-11 11:00:00,   6790.94,       34.19,    65.87
2026-08-11 12:00:00,   6971.65,       36.21,    65.35
2026-08-11 13:00:00,   6753.07,       36.26,    64.79
2026-08-11 14:00:00,   7132.67,       37.67,    76.51
2026-08-11 15:00:00,   7053.72,       36.68,    57.84
2026-08-11 16:00:00,   7124.8 ,       34.07,    56.89
2026-08-11 17:00:00,   7471.69,       34.87,    67.78
2026-08-11 18:00:00,   7370.19,       34.5 ,    64.57
2026-08-11 19:00:00,   7515.48,       34.49,    68.04
2026-08-11 20:00:00,   7245.16,       32.69,    71.0
2026-08-11 21:00:00,   6986.79,       31.57,    75.51
2026-08-11 22:00:00,   6483.95,       29.9 ,    63.05
2026-08-11 23:00:00,   6253.94,       29.66,    68.02
2026-08-12 00:00:00,   5154.29,       30.17,    72.49
2026-08-12 01:00:00,   4937.02,       26.94,    77.11
2026-08-12 02:00:00,   5111.95,       28.25,    83.04
2026-08-12 03:00:00,   5030.54,       28.15,    76.95
2026-08-12 04:00:00,   5309.99,       30.16,    70.07
2026-08-12 05:00:00,   5609.37,       32.01,    64.24
2026-08-12 06:00:00,   6196.02,       30.79,    66.97
2026-08-12 07:00:00,   6310.15,       29.67,    67.83
2026-08-12 08:00:00,   6728.74,       33.08,    71.01
2026-08-12 09:00:00,   7393.05,       35.63,    66.71
2026-08-12 10:00:00,   6883.36,       36.01,    58.47
2026-08-12 11:00:00,   7103.0 ,       36.52,    62.46
2026-08-12 12:00:00,   7036.33,       36.07,    69.43
2026-08-12 13:00:00,   6533.54,       35.0 ,    67.76
2026-08-12 14:00:00,   7027.05,       37.02,    67.03
2026-08-12 15:00:00,   6798.48,       35.0 ,    67.91
2026-08-12 16:00:00,   7406.58,       37.99,    71.44
2026-08-12 17:00:00,   7460.05,       35.22,    66.98
2026-08-12 18:00:00,   7264.96,       32.88,    65.98
2026-08-12 19:00:00,   6934.98,       31.8 ,    64.3
2026-08-12 20:00:00,   6945.7 ,       31.39,    70.5
2026-08-12 21:00:00,   6866.36,       30.25,    58.07
2026-08-12 22:00:00,   6669.18,       31.05,    68.63
2026-08-12 23:00:00,   6392.73,       29.3 ,    70.1
2026-08-13 00:00:00,   5119.97,       27.67,    65.77
2026-08-13 01:00:00,   5199.44,       30.68,    65.24
2026-08-13 02:00:00,   5294.59,       28.61,    75.8
2026-08-13 03:00:00,   5158.5 ,       29.87,    71.77
2026-08-13 04:00:00,   4948.73,       28.86,    72.04
2026-08-13 05:00:00,   5302.28,       30.85,    71.27
2026-08-13 06:00:00,   6055.02,       31.75,    69.39
2026-08-13 07:00:00,   6517.41,       30.15,    76.58
2026-08-13 08:00:00,   7380.48,       35.87,    65.84
2026-08-13 09:00:00,   7153.83,       35.96,    57.84
2026-08-13 10:00:00,   7035.94,       34.77,    74.36
2026-08-13 11:00:00,   6885.13,       34.56,    68.25
2026-08-13 12:00:00,   6855.13,       36.7 ,    61.53
2026-08-13 13:00:00,   6663.84,       36.52,    58.37
2026-08-13 14:00:00,   6911.43,       36.71,    66.44
2026-08-13 15:00:00,   6969.95,       36.11,    64.42
2026-08-13 16:00:00,   7143.2 ,       35.85,    73.11
2026-08-13 17:00:00,   7480.11,       36.15,    63.23
2026-08-13 18:00:00,   7558.74,       34.13,    62.59
2026-08-13 19:00:00,   7060.21,       31.16,    73.94
2026-08-13 20:00:00,   7273.5 ,       33.01,    72.41
2026-08-13 21:00:00,   7087.87,       32.38,    69.2
2026-08-13 22:00:00,   6955.46,       33.37,    70.85
2026-08-13 23:00:00,   5948.9 ,       27.6 ,    72.47
2026-08-14 00:00:00,   5010.97,       28.72,    72.82
2026-08-14 01:00:00,   4979.45,       25.79,    80.11
2026-08-14 02:00:00,   4911.62,       29.09,    74.45
2026-08-14 03:00:00,   5097.8 ,       28.17,    71.3
2026-08-14 04:00:00,   5580.87,       31.77,    75.67
2026-08-14 05:00:00,   5108.02,       29.36,    59.25
2026-08-14 06:00:00,   6041.29,       29.23,    81.46
2026-08-14 07:00:00,   6586.16,       31.72,    60.42
2026-08-14 08:00:00,   6529.23,       30.95,    66.51
2026-08-14 09:00:00,   7236.06,       35.19,    65.62
2026-08-14 10:00:00,   6822.97,       32.64,    67.39
2026-08-14 11:00:00,   6840.6 ,       35.79,    70.32
2026-08-14 12:00:00,   6656.49,       33.66,    61.92
2026-08-14 13:00:00,   6664.09,       35.91,    66.49
2026-08-14 14:00:00,   7215.08,       38.13,    60.3
2026-08-14 15:00:00,   6932.55,       36.19,    66.41
2026-08-14 16:00:00,   6953.48,       34.08,    66.5
2026-08-14 17:00:00,   7385.42,       34.25,    67.14
2026-08-14 18:00:00,   7347.82,       33.35,    64.74
2026-08-14 19:00:00,   7166.52,       32.86,    65.38
2026-08-14 20:00:00,   6718.49,       29.61,    72.28
2026-08-14 21:00:00,   6758.08,       31.0 ,    74.32
2026-08-14 22:00:00,   6287.3 ,       26.22,    70.91
2026-08-14 23:00:00,   6069.25,       28.07,    67.89
2026-08-15 00:00:00,   4457.18,       27.71,    75.62
2026-08-15 01:00:00,   4529.65,       28.92,    71.31
2026-08-15 02:00:00,   4634.37,       28.33,    76.16
2026-08-15 03:00:00,   4549.27,       27.01,    68.66
2026-08-15 04:00:00,   4879.08,       28.15,    63.26
2026-08-15 05:00:00,   4969.26,       30.4 ,    67.47
2026-08-15 06:00:00,   6097.58,       31.03,    65.74
2026-08-15 07:00:00,   5983.07,       31.47,    68.78
2026-08-15 08:00:00,   6251.11,       32.62,    64.96
2026-08-15 09:00:00,   6665.9 ,       35.0 ,    69.71
2026-08-15 10:00:00,   6798.85,       34.37,    65.13
2026-08-15 11:00:00,   6840.66,       35.52,    66.28
2026-08-15 12:00:00,   6749.16,       38.63,    63.52
2026-08-15 13:00:00,   6211.91,       34.46,    67.46
2026-08-15 14:00:00,   6088.74,       33.81,    66.95
2026-08-15 15:00:00,   6486.56,       36.57,    67.14
2026-08-15 16:00:00,   6715.62,       34.18,    62.76
2026-08-15 17:00:00,   6836.13,       33.78,    74.09
2026-08-15 18:00:00,   6804.39,       32.26,    67.28
2026-08-15 19:00:00,   6652.54,       31.85,    62.28
2026-08-15 20:00:00,   7094.05,       33.05,    68.7
2026-08-15 21:00:00,   6429.73,       31.13,    65.23
2026-08-15 22:00:00,   6233.49,       30.37,    73.49
2026-08-15 23:00:00,   5488.39,       27.0 ,    84.25
2026-08-16 00:00:00,   4530.46,       26.79,    69.46
2026-08-16 01:00:00,   4588.78,       24.63,    77.0
2026-08-16 02:00:00,   4595.51,       27.2 ,    64.24
2026-08-16 03:00:00,   4791.05,       29.72,    73.02
2026-08-16 04:00:00,   4875.49,       29.83,    66.23
2026-08-16 05:00:00,   4748.35,       29.77,    67.58
2026-08-16 06:00:00,   5891.38,       30.97,    64.12
2026-08-16 07:00:00,   6101.01,       31.21,    73.07
2026-08-16 08:00:00,   6546.07,       33.32,    72.55
2026-08-16 09:00:00,   6798.69,       34.96,    66.16
2026-08-16 10:00:00,   6324.88,       32.93,    63.54
2026-08-16 11:00:00,   6507.28,       35.86,    73.17
2026-08-16 12:00:00,   6378.76,       37.02,    60.43
2026-08-16 13:00:00,   6490.17,       35.54,    54.71
2026-08-16 14:00:00,   6675.56,       36.74,    66.73
2026-08-16 15:00:00,   7077.31,       38.88,    56.99
2026-08-16 16:00:00,   6728.58,       34.74,    71.18
2026-08-16 17:00:00,   6635.51,       34.51,    64.54
2026-08-16 18:00:00,   6665.78,       32.19,    71.55
2026-08-16 19:00:00,   6884.16,       32.25,    75.48
2026-08-16 20:00:00,   6729.26,       31.55,    63.06
2026-08-16 21:00:00,   6355.6 ,       30.27,    67.43
2026-08-16 22:00:00,   5924.27,       27.98,    71.94
2026-08-16 23:00:00,   5757.69,       28.82,    79.25
2026-08-17 00:00:00,   5128.44,       29.8 ,    67.39
2026-08-17 01:00:00,   4875.44,       28.45,    68.93
2026-08-17 02:00:00,   5162.7 ,       29.2 ,    73.61
2026-08-17 03:00:00,   4878.26,       28.16,    69.27
2026-08-17 04:00:00,   5019.37,       29.98,    71.28
2026-08-17 05:00:00,   5192.96,       30.24,    62.52
2026-08-17 06:00:00,   6021.51,       29.73,    81.81
2026-08-17 07:00:00,   6681.06,       32.29,    61.7
2026-08-17 08:00:00,   6670.27,       31.75,    67.31
2026-08-17 09:00:00,   6895.6 ,       33.15,    67.5
2026-08-17 10:00:00,   6917.14,       34.96,    75.6
2026-08-17 11:00:00,   7088.68,       35.73,    58.72
2026-08-17 12:00:00,   6590.08,       34.34,    76.51
2026-08-17 13:00:00,   6920.97,       37.17,    67.83
2026-08-17 14:00:00,   7064.68,       36.46,    66.77
2026-08-17 15:00:00,   6859.7 ,       34.53,    61.5
2026-08-17 16:00:00,   6619.34,       32.89,    70.75
2026-08-17 17:00:00,   6931.0 ,       33.73,    63.52
2026-08-17 18:00:00,   7152.69,       32.41,    74.67
2026-08-17 19:00:00,   7037.72,       32.04,    63.81
2026-08-17 20:00:00,   7001.61,       30.44,    69.54
2026-08-17 21:00:00,   6459.84,       27.5 ,    69.98
2026-08-17 22:00:00,   6318.23,       28.61,    66.81
2026-08-17 23:00:00,   5927.11,       28.08,    75.94
2026-08-18 00:00:00,   5182.67,       28.67,    74.37
2026-08-18 01:00:00,   5234.51,       26.94,    79.3
2026-08-18 02:00:00,   5093.69,       29.93,    61.67
2026-08-18 03:00:00,   4948.01,       26.02,    79.4
2026-08-18 04:00:00,   5250.62,       30.52,    82.56
2026-08-18 05:00:00,   5160.86,       29.51,    68.69
2026-08-18 06:00:00,   6203.26,       31.77,    78.38
2026-08-18 07:00:00,   6376.27,       31.87,    67.5
2026-08-18 08:00:00,   6825.03,       34.18,    59.88
2026-08-18 09:00:00,   6980.99,       33.31,    65.99
2026-08-18 10:00:00,   6798.21,       33.29,    72.78
2026-08-18 11:00:00,   6825.84,       36.95,    60.06
2026-08-18 12:00:00,   6855.66,       35.5 ,    62.54
2026-08-18 13:00:00,   6787.57,       36.04,    68.03
2026-08-18 14:00:00,   7123.16,       37.12,    64.11
2026-08-18 15:00:00,   6775.37,       34.0 ,    69.82
2026-08-18 16:00:00,   6923.52,       35.32,    66.9
2026-08-18 17:00:00,   6790.76,       33.07,    70.14
2026-08-18 18:00:00,   7098.32,       32.65,    65.95
2026-08-18 19:00:00,   7081.42,       31.86,    69.98
2026-08-18 20:00:00,   6852.28,       28.94,    66.82
2026-08-18 21:00:00,   6549.48,       28.84,    77.98
2026-08-18 22:00:00,   6663.96,       30.57,    66.82
2026-08-18 23:00:00,   6003.62,       29.38,    76.71
2026-08-19 00:00:00,   5003.36,       27.71,    71.4
2026-08-19 01:00:00,   4974.53,       27.94,    73.37
2026-08-19 02:00:00,   4648.28,       27.43,    70.34
2026-08-19 03:00:00,   5275.98,       29.81,    65.59
2026-08-19 04:00:00,   5011.27,       28.58,    63.06
2026-08-19 05:00:00,   5283.53,       29.92,    65.29
2026-08-19 06:00:00,   6219.34,       31.98,    67.09
2026-08-19 07:00:00,   6514.84,       30.71,    70.92
2026-08-19 08:00:00,   6858.14,       34.55,    71.46
2026-08-19 09:00:00,   6846.38,       31.81,    66.64
2026-08-19 10:00:00,   7330.69,       36.43,    60.3
2026-08-19 11:00:00,   6738.89,       34.66,    59.09
2026-08-19 12:00:00,   7000.45,       35.22,    68.2
2026-08-19 13:00:00,   6494.66,       33.38,    74.38
2026-08-19 14:00:00,   6775.51,       34.96,    72.37
2026-08-19 15:00:00,   6524.98,       33.86,    70.57
2026-08-19 16:00:00,   7160.61,       33.74,    70.32
2026-08-19 17:00:00,   6955.32,       33.48,    75.86
2026-08-19 18:00:00,   7443.37,       33.83,    68.71
2026-08-19 19:00:00,   7035.32,       31.89,    72.03
2026-08-19 20:00:00,   6903.94,       30.98,    68.02
2026-08-19 21:00:00,   6578.37,       28.33,    65.19
2026-08-19 22:00:00,   6337.51,       27.76,    69.1
2026-08-19 23:00:00,   6120.23,       30.34,    70.15
2026-08-20 00:00:00,   5012.89,       26.77,    73.72
2026-08-20 01:00:00,   5187.75,       29.5 ,    80.58
2026-08-20 02:00:00,   4772.41,       27.36,    73.29
2026-08-20 03:00:00,   5092.58,       28.05,    78.15
2026-08-20 04:00:00,   4986.71,       29.97,    68.35
2026-08-20 05:00:00,   5289.78,       31.04,    68.01
2026-08-20 06:00:00,   6178.12,       30.34,    63.55
2026-08-20 07:00:00,   6293.91,       31.05,    65.85
2026-08-20 08:00:00,   6778.08,       32.48,    70.9
2026-08-20 09:00:00,   7023.0 ,       33.92,    67.01
2026-08-20 10:00:00,   7081.95,       35.41,    70.35
2026-08-20 11:00:00,   6988.45,       34.98,    66.92
2026-08-20 12:00:00,   6837.61,       36.12,    63.23
2026-08-20 13:00:00,   6981.24,       37.48,    74.51
2026-08-20 14:00:00,   6933.51,       35.83,    64.78
2026-08-20 15:00:00,   6976.23,       35.35,    71.5
2026-08-20 16:00:00,   6848.08,       32.52,    66.23
2026-08-20 17:00:00,   6583.81,       30.35,    73.73
2026-08-20 18:00:00,   7279.86,       33.01,    72.43
2026-08-20 19:00:00,   6984.22,       31.4 ,    70.28
2026-08-20 20:00:00,   6684.51,       29.86,    58.86
2026-08-20 21:00:00,   6646.43,       29.8 ,    70.77
2026-08-20 22:00:00,   6173.42,       28.61,    77.9
2026-08-20 23:00:00,   6249.54,       29.4 ,    73.68
2026-08-21 00:00:00,   4974.16,       27.62,    74.87
2026-08-21 01:00:00,   4648.59,       26.48,    65.06
2026-08-21 02:00:00,   4864.08,       28.7 ,    68.07
2026-08-21 03:00:00,   4713.98,       27.65,    74.67
2026-08-21 04:00:00,   5005.93,       29.18,    73.29
2026-08-21 05:00:00,   5145.7 ,       28.8 ,    77.65
2026-08-21 06:00:00,   5992.17,       29.56,    70.17
2026-08-21 07:00:00,   6371.82,       31.48,    71.2
2026-08-21 08:00:00,   6890.57,       32.43,    68.4
2026-08-21 09:00:00,   6716.14,       33.95,    62.01
2026-08-21 10:00:00,   7064.01,       33.88,    55.73
2026-08-21 11:00:00,   6536.42,       32.64,    70.28
2026-08-21 12:00:00,   6682.42,       34.72,    67.12
2026-08-21 13:00:00,   6746.78,       36.33,    61.71
2026-08-21 14:00:00,   6861.57,       34.88,    58.01
2026-08-21 15:00:00,   6631.49,       34.54,    69.56
2026-08-21 16:00:00,   7094.15,       35.39,    64.32
2026-08-21 17:00:00,   7039.53,       32.52,    71.01
2026-08-21 18:00:00,   6723.7 ,       30.56,    79.32
2026-08-21 19:00:00,   6948.0 ,       31.18,    58.73
2026-08-21 20:00:00,   6803.13,       29.76,    67.22
2026-08-21 21:00:00,   6352.65,       28.22,    71.06
2026-08-21 22:00:00,   6145.73,       28.34,    79.27
2026-08-21 23:00:00,   5999.28,       28.5 ,    63.67
2026-08-22 00:00:00,   4598.65,       27.37,    82.55
2026-08-22 01:00:00,   4480.06,       27.61,    73.33
2026-08-22 02:00:00,   4839.38,       29.55,    70.42
2026-08-22 03:00:00,   4413.7 ,       27.36,    71.88
2026-08-22 04:00:00,   4503.43,       28.75,    69.45
2026-08-22 05:00:00,   4945.61,       28.63,    76.97
2026-08-22 06:00:00,   5541.94,       29.19,    65.89
2026-08-22 07:00:00,   5816.89,       30.54,    71.74
2026-08-22 08:00:00,   6082.67,       31.7 ,    67.05
2026-08-22 09:00:00,   6732.36,       33.67,    63.38
2026-08-22 10:00:00,   6879.54,       36.89,    77.23
2026-08-22 11:00:00,   6360.57,       33.85,    69.13
2026-08-22 12:00:00,   6302.97,       34.6 ,    69.42
2026-08-22 13:00:00,   6436.18,       35.16,    71.54
2026-08-22 14:00:00,   6382.66,       35.58,    58.37
2026-08-22 15:00:00,   6761.88,       35.02,    74.74
2026-08-22 16:00:00,   6779.62,       35.61,    52.91
2026-08-22 17:00:00,   6484.73,       30.33,    66.36
2026-08-22 18:00:00,   6520.05,       29.41,    68.73
2026-08-22 19:00:00,   6633.69,       30.65,    72.83
2026-08-22 20:00:00,   6606.16,       31.52,    70.22
2026-08-22 21:00:00,   6117.13,       27.36,    72.04
2026-08-22 22:00:00,   5908.58,       24.8 ,    75.12
2026-08-22 23:00:00,   5611.98,       28.46,    66.99
2026-08-23 00:00:00,   4534.83,       27.53,    65.24
2026-08-23 01:00:00,   4663.69,       25.79,    77.92
2026-08-23 02:00:00,   4766.2 ,       26.06,    77.52
2026-08-23 03:00:00,   4630.12,       26.48,    81.59
2026-08-23 04:00:00,   4830.72,       28.41,    67.98
2026-08-23 05:00:00,   4599.76,       28.35,    75.45
2026-08-23 06:00:00,   5875.84,       30.66,    68.49
2026-08-23 07:00:00,   5824.36,       27.68,    78.54
2026-08-23 08:00:00,   6107.4 ,       31.11,    74.61
2026-08-23 09:00:00,   6308.86,       31.75,    69.98
2026-08-23 10:00:00,   6731.55,       33.62,    65.54
2026-08-23 11:00:00,   6277.33,       33.92,    71.78
2026-08-23 12:00:00,   6313.72,       35.92,    68.4
2026-08-23 13:00:00,   6217.02,       32.87,    64.49
2026-08-23 14:00:00,   6475.06,       35.02,    59.34
2026-08-23 15:00:00,   6552.59,       35.24,    64.34
2026-08-23 16:00:00,   6818.23,       36.16,    72.53
2026-08-23 17:00:00,   6562.41,       32.53,    73.96
2026-08-23 18:00:00,   6825.39,       32.53,    62.66
2026-08-23 19:00:00,   6616.99,       28.94,    65.62
2026-08-23 20:00:00,   6276.76,       27.2 ,    79.4
2026-08-23 21:00:00,   6585.52,       30.12,    64.72
2026-08-23 22:00:00,   5765.95,       28.27,    74.61
2026-08-23 23:00:00,   5743.48,       29.05,    68.27
2026-08-24 00:00:00,   4814.16,       25.45,    82.68
2026-08-24 01:00:00,   4729.19,       27.59,    68.82
2026-08-24 02:00:00,   5004.72,       29.34,    76.81
2026-08-24 03:00:00,   4922.24,       28.0 ,    73.22
2026-08-24 04:00:00,   5021.45,       28.47,    73.14
2026-08-24 05:00:00,   5354.6 ,       28.97,    61.57
2026-08-24 06:00:00,   5877.44,       28.04,    61.25
2026-08-24 07:00:00,   6696.78,       32.59,    67.06
2026-08-24 08:00:00,   6585.76,       31.27,    70.59
2026-08-24 09:00:00,   7130.73,       33.57,    61.66
2026-08-24 10:00:00,   6950.1 ,       31.92,    63.33
2026-08-24 11:00:00,   6693.15,       33.01,    70.6
2026-08-24 12:00:00,   6774.74,       36.55,    67.42
2026-08-24 13:00:00,   6512.98,       34.55,    65.72
2026-08-24 14:00:00,   6895.44,       36.57,    68.49
2026-08-24 15:00:00,   6791.29,       34.33,    60.73
2026-08-24 16:00:00,   6702.37,       31.58,    67.3
2026-08-24 17:00:00,   7195.53,       34.04,    75.11
2026-08-24 18:00:00,   6988.17,       31.29,    69.68
2026-08-24 19:00:00,   7038.88,       31.8 ,    69.51
2026-08-24 20:00:00,   6875.49,       29.96,    82.07
2026-08-24 21:00:00,   6638.12,       27.11,    66.1
2026-08-24 22:00:00,   6348.0 ,       28.33,    75.98
2026-08-24 23:00:00,   6283.99,       30.14,    78.7
2026-08-25 00:00:00,   4976.43,       27.55,    71.08
2026-08-25 01:00:00,   4808.84,       26.76,    77.72
2026-08-25 02:00:00,   4825.03,       28.25,    67.16
2026-08-25 03:00:00,   4775.88,       27.61,    69.21
2026-08-25 04:00:00,   4911.04,       28.25,    74.0
2026-08-25 05:00:00,   4920.47,       27.52,    76.73
2026-08-25 06:00:00,   6203.77,       30.07,    76.04
2026-08-25 07:00:00,   6432.82,       32.07,    76.49
2026-08-25 08:00:00,   6426.26,       30.86,    69.39
2026-08-25 09:00:00,   7272.15,       34.53,    72.39
2026-08-25 10:00:00,   6797.18,       33.54,    65.6
2026-08-25 11:00:00,   6667.04,       33.22,    72.11
2026-08-25 12:00:00,   6862.22,       35.89,    66.24
2026-08-25 13:00:00,   6428.34,       34.48,    68.7
2026-08-25 14:00:00,   6887.16,       35.6 ,    67.58
2026-08-25 15:00:00,   6759.41,       33.94,    58.93
2026-08-25 16:00:00,   7039.38,       33.58,    61.66
2026-08-25 17:00:00,   6978.61,       33.42,    67.94
2026-08-25 18:00:00,   7103.25,       32.21,    60.08
2026-08-25 19:00:00,   6709.17,       28.43,    76.07
2026-08-25 20:00:00,   6671.12,       28.44,    76.26
2026-08-25 21:00:00,   6467.75,       29.94,    72.19
2026-08-25 22:00:00,   6192.85,       27.84,    66.84
2026-08-25 23:00:00,   5786.28,       26.73,    80.34
2026-08-26 00:00:00,   4889.73,       25.19,    85.01
2026-08-26 01:00:00,   4591.77,       25.39,    75.39
2026-08-26 02:00:00,   4627.47,       24.39,    78.1
2026-08-26 03:00:00,   4957.69,       27.1 ,    74.12
2026-08-26 04:00:00,   4824.54,       27.14,    75.73
2026-08-26 05:00:00,   4846.41,       27.52,    72.13
2026-08-26 06:00:00,   6144.75,       29.57,    70.72
2026-08-26 07:00:00,   6409.43,       31.12,    74.02
2026-08-26 08:00:00,   7026.01,       34.23,    78.42
2026-08-26 09:00:00,   6573.21,       30.87,    62.72
2026-08-26 10:00:00,   7330.01,       34.9 ,    65.57
2026-08-26 11:00:00,   6821.0 ,       35.32,    59.81
2026-08-26 12:00:00,   6738.5 ,       33.61,    75.21
2026-08-26 13:00:00,   6604.9 ,       34.93,    63.13
2026-08-26 14:00:00,   6342.05,       34.0 ,    59.69
2026-08-26 15:00:00,   6786.61,       34.37,    69.76
2026-08-26 16:00:00,   7093.03,       35.32,    74.43
2026-08-26 17:00:00,   6927.05,       33.41,    70.75
2026-08-26 18:00:00,   6988.99,       32.33,    69.43
2026-08-26 19:00:00,   6903.83,       30.17,    72.39
2026-08-26 20:00:00,   6621.97,       27.87,    79.49
2026-08-26 21:00:00,   6158.93,       28.43,    67.54
2026-08-26 22:00:00,   6456.22,       29.3 ,    70.57
2026-08-26 23:00:00,   5891.97,       25.39,    72.39
2026-08-27 00:00:00,   4680.66,       25.41,    68.79
2026-08-27 01:00:00,   4953.89,       26.69,    71.83
2026-08-27 02:00:00,   4840.58,       25.5 ,    80.09
2026-08-27 03:00:00,   4999.15,       26.13,    76.82
2026-08-27 04:00:00,   4936.47,       27.21,    76.24
2026-08-27 05:00:00,   4958.52,       26.9 ,    74.02
2026-08-27 06:00:00,   5820.17,       28.34,    74.61
2026-08-27 07:00:00,   7021.46,       31.39,    65.25
2026-08-27 08:00:00,   6358.77,       30.01,    68.94
2026-08-27 09:00:00,   6455.19,       30.62,    70.9
2026-08-27 10:00:00,   6800.69,       32.61,    69.53
2026-08-27 11:00:00,   6818.19,       34.88,    67.7
2026-08-27 12:00:00,   6593.74,       34.17,    66.06
2026-08-27 13:00:00,   6623.54,       33.98,    65.03
2026-08-27 14:00:00,   6575.93,       34.46,    82.28
2026-08-27 15:00:00,   6429.07,       31.91,    73.31
2026-08-27 16:00:00,   6813.94,       33.96,    69.0
2026-08-27 17:00:00,   7049.62,       33.0 ,    66.63
2026-08-27 18:00:00,   6986.18,       31.09,    67.27
2026-08-27 19:00:00,   7198.42,       31.75,    68.27
2026-08-27 20:00:00,   6522.73,       28.15,    73.63
2026-08-27 21:00:00,   6569.63,       29.9 ,    61.19
2026-08-27 22:00:00,   6262.2 ,       27.9 ,    64.54
2026-08-27 23:00:00,   5975.32,       26.67,    70.31
2026-08-28 00:00:00,   4725.37,       26.51,    74.68
2026-08-28 01:00:00,   4991.39,       26.27,    72.66
2026-08-28 02:00:00,   4633.24,       28.0 ,    79.69
2026-08-28 03:00:00,   4940.97,       25.64,    67.01
2026-08-28 04:00:00,   4725.73,       26.66,    69.75
2026-08-28 05:00:00,   5375.79,       29.64,    78.42
2026-08-28 06:00:00,   5684.16,       28.65,    72.37
2026-08-28 07:00:00,   6538.87,       31.48,    73.59
2026-08-28 08:00:00,   6808.07,       33.47,    77.63
2026-08-28 09:00:00,   6662.23,       31.92,    65.31
2026-08-28 10:00:00,   6915.08,       34.05,    66.36
2026-08-28 11:00:00,   6616.32,       32.48,    66.91
2026-08-28 12:00:00,   6594.72,       35.17,    56.08
2026-08-28 13:00:00,   6467.03,       34.64,    64.77
2026-08-28 14:00:00,   6705.77,       34.83,    70.56
2026-08-28 15:00:00,   6357.29,       33.09,    70.42
2026-08-28 16:00:00,   6481.85,       31.23,    72.48
2026-08-28 17:00:00,   7356.56,       33.0 ,    65.92
2026-08-28 18:00:00,   6566.34,       28.96,    68.16
2026-08-28 19:00:00,   7014.0 ,       30.02,    76.83
2026-08-28 20:00:00,   6796.29,       30.49,    67.57
2026-08-28 21:00:00,   6527.36,       28.63,    73.2
2026-08-28 22:00:00,   6468.39,       29.91,    71.4
2026-08-28 23:00:00,   6094.02,       28.17,    79.46
2026-08-29 00:00:00,   4453.63,       25.61,    79.31
2026-08-29 01:00:00,   4716.82,       26.29,    67.36
2026-08-29 02:00:00,   4409.88,       26.33,    67.86
2026-08-29 03:00:00,   4518.51,       24.89,    77.99
2026-08-29 04:00:00,   4550.54,       26.3 ,    73.51
2026-08-29 05:00:00,   4461.26,       27.58,    70.4
2026-08-29 06:00:00,   5400.82,       26.78,    78.48
2026-08-29 07:00:00,   5923.41,       30.31,    71.16
2026-08-29 08:00:00,   6111.7 ,       30.99,    69.87
2026-08-29 09:00:00,   6442.37,       30.25,    74.18
2026-08-29 10:00:00,   6378.56,       33.57,    65.41
2026-08-29 11:00:00,   6577.51,       34.58,    74.22
2026-08-29 12:00:00,   6356.3 ,       34.39,    62.61
2026-08-29 13:00:00,   6114.15,       33.87,    70.3
2026-08-29 14:00:00,   6167.31,       34.83,    73.32
2026-08-29 15:00:00,   6287.17,       34.54,    59.53
2026-08-29 16:00:00,   6399.54,       33.45,    65.68
2026-08-29 17:00:00,   6212.45,       31.27,    75.07
2026-08-29 18:00:00,   6525.32,       31.62,    74.83
2026-08-29 19:00:00,   6542.49,       31.69,    68.12
2026-08-29 20:00:00,   6432.94,       28.5 ,    68.17
2026-08-29 21:00:00,   6441.23,       30.77,    74.58
2026-08-29 22:00:00,   5898.66,       26.8 ,    79.3
2026-08-29 23:00:00,   5652.91,       26.83,    67.53
2026-08-30 00:00:00,   4491.15,       25.44,    68.58
2026-08-30 01:00:00,   4646.88,       26.38,    74.89
2026-08-30 02:00:00,   4400.76,       24.16,    78.91
2026-08-30 03:00:00,   4496.65,       25.99,    72.61
2026-08-30 04:00:00,   4604.2 ,       25.97,    77.52
2026-08-30 05:00:00,   4463.55,       28.27,    68.5
2026-08-30 06:00:00,   6072.39,       30.27,    59.68
2026-08-30 07:00:00,   5969.7 ,       30.89,    67.58
2026-08-30 08:00:00,   5851.0 ,       28.3 ,    72.35
2026-08-30 09:00:00,   6811.3 ,       34.56,    65.02
2026-08-30 10:00:00,   6549.37,       33.29,    61.74
2026-08-30 11:00:00,   6201.71,       32.64,    59.04
2026-08-30 12:00:00,   6235.14,       34.16,    64.18
2026-08-30 13:00:00,   5983.41,       34.32,    71.1
2026-08-30 14:00:00,   5999.23,       33.17,    73.92
2026-08-30 15:00:00,   6348.03,       33.81,    73.01
2026-08-30 16:00:00,   6359.28,       32.21,    64.43
2026-08-30 17:00:00,   6609.85,       31.63,    63.27
2026-08-30 18:00:00,   6468.68,       30.32,    72.69
2026-08-30 19:00:00,   6151.52,       28.39,    75.12
2026-08-30 20:00:00,   6481.22,       29.25,    73.18
2026-08-30 21:00:00,   6297.58,       28.81,    61.5
2026-08-30 22:00:00,   5905.58,       27.9 ,    68.06
2026-08-30 23:00:00,   5556.06,       27.63,    72.48
2026-08-31 00:00:00,   4939.79,       26.49,    76.09
2026-08-31 01:00:00,   5226.42,       25.33,    78.54
2026-08-31 02:00:00,   4831.22,       27.11,    73.82
2026-08-31 03:00:00,   4669.79,       24.87,    76.77
2026-08-31 04:00:00,   4787.55,       26.06,    74.47
2026-08-31 05:00:00,   5007.75,       26.81,    76.8
2026-08-31 06:00:00,   5846.41,       30.23,    71.86
2026-08-31 07:00:00,   6355.19,       31.1 ,    69.84
2026-08-31 08:00:00,   6617.15,       31.58,    67.73
2026-08-31 09:00:00,   7030.84,       33.25,    67.98
2026-08-31 10:00:00,   6753.51,       31.74,    71.36
2026-08-31 11:00:00,   6788.76,       33.85,    68.37
2026-08-31 12:00:00,   6245.2 ,       33.68,    69.09
2026-08-31 13:00:00,   6696.87,       34.98,    72.73
2026-08-31 14:00:00,   6555.95,       33.69,    68.5
2026-08-31 15:00:00,   6558.6 ,       32.97,    64.58
2026-08-31 16:00:00,   6589.6 ,       33.44,    71.82
2026-08-31 17:00:00,   6880.35,       33.02,    60.95
2026-08-31 18:00:00,   6671.56,       30.2 ,    64.91
2026-08-31 19:00:00,   6599.56,       29.89,    72.28
2026-08-31 20:00:00,   6547.39,       27.66,    75.19
2026-08-31 21:00:00,   6275.32,       24.97,    68.8
2026-08-31 22:00:00,   6456.18,       27.38,    70.95
2026-08-31 23:00:00,   5898.8 ,       27.23,    69.96
